"","ONTOLOGY","ID","Description","GeneRatio","BgRatio","pvalue","p.adjust","qvalue","geneID","Count"
"GO:0001819","BP","GO:0001819","positive regulation of cytokine production","40/535","425/23239",5.19332759560419e-14,2.16198227805003e-10,1.58205158543985e-10,"Cd36/Ly9/Fcer1a/Sulf2/Mcoln2/Trpv4/Slamf6/Slamf1/Lbp/Cd40/Il6/Cd28/Il1rl1/Il18r1/Htr2b/Prkcq/Prg3/Rasgrp1/Tnfrsf8/Pf4/P2rx7/Klrk1/Il4ra/P2ry2/Card11/Spon2/Serpine1/C3ar1/Il17f/Flt3/Il27/Tlr1/Nlrp10/Rab7b/Cyp2j6/Tarm1/Txk/Hmgb1/Il1rl2/Tlr5",40
"GO:0031349","BP","GO:0031349","positive regulation of defense response","33/535","336/23239",2.79652734511587e-12,5.82097166885869e-09,4.2595527035607e-09,"Adora3/Cd36/Ccl24/Fcer1a/Trpv4/Slamf6/Lbp/Arg1/Il6/Snca/Cd28/Il1rl1/Tnfrsf11a/Dab2ip/Rasgrp1/Zbp1/Klrk1/Serpine1/Nlrp6/Ptger3/Il17f/Tnip3/Tlr1/Nlrp10/Rab7b/Tarm1/Txk/Nectin2/Fabp4/Tlr12/Hmgb1/Tlr5/Sh2d1b1",33
"GO:0042110","BP","GO:0042110","T cell activation","38/535","480/23239",4.29829899992462e-11,5.96460624556206e-08,4.3646587037831e-08,"Ly9/Slamf6/Slamf1/Sdc4/Ada/Arg1/Adora2a/Il6/Cd28/Il18r1/Spta1/Il2ra/Prkcq/Rasgrp1/Sla2/Lef1/P2rx7/Gpnmb/Lat/Il4ra/Itgal/Efnb1/Il2rg/Dpp4/Card11/Fut7/Zc3h12d/Flt3/Il27/Lax1/Tarm1/Txk/Rag1/Cyp26b1/Il1rl2/Mafb/Prnp/Gimap1",38
"GO:0002683","BP","GO:0002683","negative regulation of immune system process","36/535","454/23239",1.35605733403795e-10,1.4113166704e-07,1.03274471702785e-07,"Htra1/Mertk/Gata2/Slamf1/Sdc4/Ada/Arg1/Adora2a/Tmem176a/Il1rl1/Il2ra/Dab2ip/Zbtb46/Padi2/Pf4/Tmem176b/Gpnmb/Klrk1/Siglecg/Cd22/Il4ra/C1qc/Bank1/Nlrp6/Zc3h12d/Flt3/Gpr55/Lax1/Rab7b/Slamf8/Tarm1/Fcrlb/Mafb/Prnp/Klrb1b/Sh2d1b1",36
"GO:1903706","BP","GO:1903706","regulation of hemopoiesis","33/535","396/23239",2.26467765637868e-10,1.88557061670089e-07,1.37978466053893e-07,"Ap2a2/Mpl/Gata2/Ada/Tmem176a/Il6/Cd28/Il2ra/Gfi1b/Rasgrp1/Car2/Zbtb46/Lef1/Tesc/Pf4/Tmem176b/Il4ra/Gata1/Il2rg/Isg15/Card11/C1qc/Flt3/Il27/Gpr55/Rab7b/Rag1/Kdr/Cyp26b1/Hmgb1/Il1rl2/Mafb/Cd101",33
"GO:0050878","BP","GO:0050878","regulation of body fluid levels","30/535","337/23239",3.13064994814534e-10,2.09671119144681e-07,1.53428883220529e-07,"Adora3/Vwf/Cd36/Apoe/Aqp1/Trpv4/Mertk/Ada/Hnf4a/Adora2a/Pdgfa/Prkcq/P2ry1/Pdpn/Ephb2/Pf4/Gp9/Ptpro/Gata1/Oas2/P2ry2/Serpine1/Nlrp6/Ptger3/Cftr/Mmrn1/Gja5/Cyp26b1/Ccnd1/Gp6",30
"GO:0050727","BP","GO:0050727","regulation of inflammatory response","29/535","318/23239",3.52557730966315e-10,2.09671119144681e-07,1.53428883220529e-07,"Adora3/Apoe/Ccl24/Fcer1a/Ggt1/Trpv4/Lbp/Ada/Adora2a/Il6/Snca/Cd28/Il1rl1/Tnfrsf11a/Cd55/Il2ra/Usp18/Siglecg/Mgll/Serpine1/Nlrp6/Ptger3/Il17f/Nlrp10/Slamf8/Tarm1/Fabp4/Il1rl2/Nlrp12",29
"GO:0046651","BP","GO:0046651","lymphocyte proliferation","28/535","302/23239",4.88807693509624e-10,2.54363303510071e-07,1.86132824344323e-07,"Cd79a/Mpl/Slamf6/Slamf1/Sdc4/Cd40/Ada/Arg1/Il6/Cd28/Spta1/Il2ra/Prkcq/Nfatc2/Lef1/Cd38/P2rx7/Gpnmb/Siglecg/Cd22/Itgal/Efnb1/Card11/Zc3h12d/Flt3/Il27/Tarm1/Prnp",28
"GO:0032943","BP","GO:0032943","mononuclear cell proliferation","28/535","304/23239",5.68392615235101e-10,2.62913161913747e-07,1.92389266490103e-07,"Cd79a/Mpl/Slamf6/Slamf1/Sdc4/Cd40/Ada/Arg1/Il6/Cd28/Spta1/Il2ra/Prkcq/Nfatc2/Lef1/Cd38/P2rx7/Gpnmb/Siglecg/Cd22/Itgal/Efnb1/Card11/Zc3h12d/Flt3/Il27/Tarm1/Prnp",28
"GO:0072503","BP","GO:0072503","cellular divalent inorganic cation homeostasis","36/535","484/23239",7.83383063019448e-10,3.26122369134996e-07,2.3864321940824e-07,"Cd36/Apoe/Slc30a4/Trpv4/Gata2/Cd40/Micu1/Snca/Htr2b/Gpr35/Atp1b1/P2ry1/Slc30a2/Cd38/P2rx7/Kel/Dmpk/Csrp3/Cd19/P2ry2/Atp13a2/Slc39a12/Hrc/Ptger3/C3ar1/Cmklr1/S1pr1/Gpr157/P2ry6/Gpr55/Cxcr3/P2ry10/Kdr/Cnga1/Gpr174/Prnp",36
"GO:0050863","BP","GO:0050863","regulation of T cell activation","27/535","296/23239",1.43283032356983e-09,5.30944181587259e-07,3.88523575233834e-07,"Slamf1/Sdc4/Ada/Arg1/Adora2a/Il6/Cd28/Spta1/Il2ra/Prkcq/Rasgrp1/Gpnmb/Lat/Il4ra/Itgal/Efnb1/Il2rg/Dpp4/Card11/Zc3h12d/Il27/Lax1/Tarm1/Rag1/Cyp26b1/Il1rl2/Prnp",27
"GO:0022407","BP","GO:0022407","regulation of cell-cell adhesion","31/535","382/23239",1.53046605309803e-09,5.30944181587259e-07,3.88523575233834e-07,"Trpv4/Slamf1/Sdc4/Ada/Arg1/Adora2a/Il6/Cd28/Spta1/Il2ra/Prkcq/Itga6/Rasgrp1/Lef1/Plpp3/Pdpn/Gpnmb/Il4ra/Itgal/Efnb1/Il2rg/Dpp4/Card11/Zc3h12d/Ptger3/Lax1/Tarm1/Rag1/Ank3/Il1rl2/Prnp",31
"GO:0070661","BP","GO:0070661","leukocyte proliferation","28/535","319/23239",1.69078893112897e-09,5.41442640022299e-07,3.96205924428116e-07,"Cd79a/Mpl/Slamf6/Slamf1/Sdc4/Cd40/Ada/Arg1/Il6/Cd28/Spta1/Il2ra/Prkcq/Nfatc2/Lef1/Cd38/P2rx7/Gpnmb/Siglecg/Cd22/Itgal/Efnb1/Card11/Zc3h12d/Flt3/Il27/Tarm1/Prnp",28
"GO:0050670","BP","GO:0050670","regulation of lymphocyte proliferation","23/535","223/23239",2.28384975257594e-09,6.79119037140975e-07,4.96951968718404e-07,"Mpl/Slamf1/Sdc4/Cd40/Ada/Arg1/Il6/Cd28/Spta1/Il2ra/Prkcq/Nfatc2/Cd38/Gpnmb/Siglecg/Cd22/Itgal/Efnb1/Card11/Zc3h12d/Il27/Tarm1/Prnp",23
"GO:0032944","BP","GO:0032944","regulation of mononuclear cell proliferation","23/535","225/23239",2.71650977988402e-09,7.14620199004208e-07,5.22930289623672e-07,"Mpl/Slamf1/Sdc4/Cd40/Ada/Arg1/Il6/Cd28/Spta1/Il2ra/Prkcq/Nfatc2/Cd38/Gpnmb/Siglecg/Cd22/Itgal/Efnb1/Card11/Zc3h12d/Il27/Tarm1/Prnp",23
"GO:0050900","BP","GO:0050900","leukocyte migration","28/535","326/23239",2.74655853568756e-09,7.14620199004208e-07,5.22930289623672e-07,"Adora3/Ccl24/Mcoln2/Trpv4/Slamf1/Eps8/Lbp/Ada/Gpr35/Itga6/Padi2/Spp1/Ppbp/Pf4/Add2/Klrk1/Ptpro/Fut7/Serpine1/Camk1d/Ptger3/C3ar1/Tnfrsf18/Cmklr1/S1pr1/Cxcr3/Slamf8/Nlrp12",28
"GO:1902105","BP","GO:1902105","regulation of leukocyte differentiation","26/535","287/23239",3.34511394306778e-09,8.19159373234774e-07,5.99427848373879e-07,"Gata2/Ada/Tmem176a/Il6/Cd28/Il2ra/Gfi1b/Rasgrp1/Car2/Zbtb46/Lef1/Tesc/Pf4/Tmem176b/Il4ra/Il2rg/Card11/C1qc/Flt3/Il27/Gpr55/Rag1/Cyp26b1/Il1rl2/Mafb/Cd101",26
"GO:0008015","BP","GO:0008015","blood circulation","34/535","466/23239",3.82282136977493e-09,8.84133631242945e-07,6.46973394393487e-07,"Cpa3/Cd36/Apoe/Cacna1e/Mrvi1/Trpv4/Ada/Adora2a/Htr2b/Atp1b1/Eng/P2ry1/Enpep/Cd38/Col1a2/Ptpro/Dmpk/Csrp3/Tnni2/P2ry2/Mgll/Gucy1a1/Kcne3/Hrc/Ptger3/C3ar1/Kcnd3/Cftr/Pde3a/Klk1b11/Nav2/Gja5/Cacnb2/Kdr",34
"GO:0070663","BP","GO:0070663","regulation of leukocyte proliferation","23/535","234/23239",5.7871614260834e-09,1.22721694426084e-06,8.98027949654445e-07,"Mpl/Slamf1/Sdc4/Cd40/Ada/Arg1/Il6/Cd28/Spta1/Il2ra/Prkcq/Nfatc2/Cd38/Gpnmb/Siglecg/Cd22/Itgal/Efnb1/Card11/Zc3h12d/Il27/Tarm1/Prnp",23
"GO:0060326","BP","GO:0060326","cell chemotaxis","26/535","295/23239",5.9537646809459e-09,1.22721694426084e-06,8.98027949654445e-07,"Ccl24/Trpv4/Slamf1/Lbp/Gpr35/Prkcq/Eng/Lef1/Padi2/Spp1/Ppbp/Pf4/Klrk1/Ptpro/Plxnb3/Serpine1/Camk1d/Plekhg5/Saa3/C3ar1/Cmklr1/S1pr1/Cxcr3/Slamf8/Kdr/Hmgb1",26
"GO:0003013","BP","GO:0003013","circulatory system process","34/535","475/23239",6.19062114568286e-09,1.22721694426084e-06,8.98027949654445e-07,"Cpa3/Cd36/Apoe/Cacna1e/Mrvi1/Trpv4/Ada/Adora2a/Htr2b/Atp1b1/Eng/P2ry1/Enpep/Cd38/Col1a2/Ptpro/Dmpk/Csrp3/Tnni2/P2ry2/Mgll/Gucy1a1/Kcne3/Hrc/Ptger3/C3ar1/Kcnd3/Cftr/Pde3a/Klk1b11/Nav2/Gja5/Cacnb2/Kdr",34
"GO:0008360","BP","GO:0008360","regulation of cell shape","18/535","148/23239",9.65357128854769e-09,1.78156683422666e-06,1.30367887992008e-06,"Hpn/Rhoc/Ccl24/Fblim1/Plekho1/Eps8/Epb42/Il6/Spta1/P2ry1/Pdpn/Plxna4/Plxna1/Plxnb3/Rhov/Gm14137/Kdr/Cdc42ep5",18
"GO:0006874","BP","GO:0006874","cellular calcium ion homeostasis","33/535","460/23239",9.84291068633511e-09,1.78156683422666e-06,1.30367887992008e-06,"Cd36/Apoe/Trpv4/Gata2/Cd40/Micu1/Snca/Htr2b/Gpr35/Atp1b1/P2ry1/Cd38/P2rx7/Kel/Dmpk/Csrp3/Cd19/P2ry2/Atp13a2/Hrc/Ptger3/C3ar1/Cmklr1/S1pr1/Gpr157/P2ry6/Gpr55/Cxcr3/P2ry10/Kdr/Cnga1/Gpr174/Prnp",33
"GO:0050663","BP","GO:0050663","cytokine secretion","22/535","222/23239",1.06784956088598e-08,1.85227405082014e-06,1.3554195742123e-06,"Cd36/Mcoln2/Trpv4/Slamf1/Il6/Il1rl1/Htr2b/Rasgrp1/P2rx7/Il4ra/Card11/Bank1/Il17f/Flt3/Tlr1/Nlrp10/Cyp2j6/Chil1/Hmgb1/Syt11/Nlrp12/Tlr5",22
"GO:1903708","BP","GO:1903708","positive regulation of hemopoiesis","21/535","204/23239",1.17794947033519e-08,1.96152145800216e-06,1.4353624282737e-06,"Mpl/Gata2/Ada/Il6/Il2ra/Gfi1b/Rasgrp1/Car2/Zbtb46/Lef1/Tesc/Pf4/Il4ra/Gata1/Il2rg/Isg15/Rab7b/Rag1/Hmgb1/Il1rl2/Cd101",21
"GO:0048871","BP","GO:0048871","multicellular organismal homeostasis","33/535","473/23239",1.93301647425852e-08,3.09505676243777e-06,2.26483792571018e-06,"Cd36/Aqp1/Ampd3/Trpv4/Gata2/Rcn3/Ache/Il6/Il18r1/Tnfrsf11a/Fabp5/Car2/Pdgfc/Ctsk/Rhd/Cd38/Spp1/P2rx7/Il4ra/Ush1c/Gata1/Ptger3/Cftr/Cmklr1/Flt3/S1pr1/Gpr55/Slc35d3/Fcgr4/Ksr2/Fabp4/Kdr/Cyp26b1",33
"GO:0032103","BP","GO:0032103","positive regulation of response to external stimulus","25/535","292/23239",2.0856816883824e-08,3.2158121736059e-06,2.35320187375387e-06,"Adora3/Ccl24/Fcer1a/Trpv4/Slamf1/Lbp/Arg1/Il6/Snca/Cd28/Il1rl1/Tnfrsf11a/Serpine1/Camk1d/Ptger3/C3ar1/Il17f/Cmklr1/S1pr1/Nlrp10/Cxcr3/Tarm1/Fabp4/Kdr/Hmgb1",25
"GO:0002697","BP","GO:0002697","regulation of immune effector process","30/535","405/23239",2.28374606436163e-08,3.27922495635703e-06,2.39960479504842e-06,"Adora3/Cd36/Fcer1a/Htra1/Gata2/Slamf6/Slamf1/Lbp/Cd40/Arg1/Il6/Cd28/Il18r1/Cd55/Il2ra/Rasgrp1/P2rx7/Klrk1/Siglecg/Cd22/Il4ra/Dpp4/Spon2/Il27/Slamf8/Nectin2/Hmgb1/Klrb1b/Gbp4/Sh2d1b1",30
"GO:0032675","BP","GO:0032675","regulation of interleukin-6 production","17/535","139/23239",2.28435079832702e-08,3.27922495635703e-06,2.39960479504842e-06,"Cd36/Trpv4/Slamf1/Lbp/Il6/P2rx7/Spon2/Bank1/Il17f/Flt3/Tlr1/Nlrp10/Rab7b/Hmgb1/Syt11/Il1rl2/Nlrp12",17
"GO:0055074","BP","GO:0055074","calcium ion homeostasis","33/535","477/23239",2.36621344500971e-08,3.28351552385847e-06,2.40274445959933e-06,"Cd36/Apoe/Trpv4/Gata2/Cd40/Micu1/Snca/Htr2b/Gpr35/Atp1b1/P2ry1/Cd38/P2rx7/Kel/Dmpk/Csrp3/Cd19/P2ry2/Atp13a2/Hrc/Ptger3/C3ar1/Cmklr1/S1pr1/Gpr157/P2ry6/Gpr55/Cxcr3/P2ry10/Kdr/Cnga1/Gpr174/Prnp",33
"GO:1903037","BP","GO:1903037","regulation of leukocyte cell-cell adhesion","24/535","277/23239",3.18637238179568e-08,4.278989750134e-06,3.13119241864743e-06,"Slamf1/Sdc4/Ada/Arg1/Adora2a/Il6/Cd28/Spta1/Il2ra/Prkcq/Rasgrp1/Gpnmb/Il4ra/Itgal/Efnb1/Il2rg/Dpp4/Card11/Zc3h12d/Lax1/Tarm1/Rag1/Il1rl2/Prnp",24
"GO:0050708","BP","GO:0050708","regulation of protein secretion","32/535","460/23239",3.40590766387334e-08,4.35791327957861e-06,3.18894547987926e-06,"Cd36/Cacna1e/Trpv4/Slamf1/Cd40/Hnf4a/Adora2a/Il6/Il1rl1/Htr2b/Prkcq/Rasgrp1/Cd38/P2rx7/Siglecg/Cd22/Il4ra/Atp13a2/Bank1/Ptger3/Cftr/Il17f/Flt3/Tlr1/Nlrp10/Cyp2j6/Gja5/Hmgb1/Syt11/Gpr27/Nlrp12/Tlr5",32
"GO:0050729","BP","GO:0050729","positive regulation of inflammatory response","16/535","126/23239",3.45450728383603e-08,4.35791327957861e-06,3.18894547987926e-06,"Adora3/Ccl24/Fcer1a/Trpv4/Lbp/Il6/Snca/Cd28/Il1rl1/Tnfrsf11a/Serpine1/Ptger3/Il17f/Nlrp10/Tarm1/Fabp4",16
"GO:0032635","BP","GO:0032635","interleukin-6 production","17/535","146/23239",4.77719744664816e-08,5.84925675599891e-06,4.28025059151696e-06,"Cd36/Trpv4/Slamf1/Lbp/Il6/P2rx7/Spon2/Bank1/Il17f/Flt3/Tlr1/Nlrp10/Rab7b/Hmgb1/Syt11/Il1rl2/Nlrp12",17
"GO:0070372","BP","GO:0070372","regulation of ERK1 and ERK2 cascade","26/535","330/23239",5.88504927836441e-08,6.99984575595172e-06,5.12220529671777e-06,"Cd36/Ccl24/Trpv4/Mertk/Slamf1/Il6/Pdgfa/Htr2b/Tnfrsf11a/Slc30a10/Atf3/Dab2ip/Rasgrp1/P2ry1/Pdgfc/Ephb2/Gpnmb/St5/Nlrp6/Flt3/P2ry6/Gpr55/Kdr/Chil1/Hmgb1/Nlrp12",26
"GO:0007159","BP","GO:0007159","leukocyte cell-cell adhesion","25/535","310/23239",6.74829883607906e-08,7.80365779294364e-06,5.71040258234292e-06,"Slamf1/Sdc4/Ada/Arg1/Adora2a/Il6/Cd28/Spta1/Il2ra/Prkcq/Rasgrp1/Gpnmb/Add2/Il4ra/Itgal/Efnb1/Il2rg/Dpp4/Card11/Zc3h12d/Lax1/Tarm1/Rag1/Il1rl2/Prnp",25
"GO:0048872","BP","GO:0048872","homeostasis of number of cells","25/535","313/23239",8.13194603892361e-08,9.14953820541595e-06,6.69526368041108e-06,"Ampd3/Mpl/Mertk/Gata2/Ada/Epb42/Alas2/Il6/Spta1/Il2ra/Gfi1b/Rhd/P2rx7/Lat/Gata1/Isg15/Card11/Bpgm/Flt3/Sox6/Hbb-b1/Chst3/Rag1/Gpr174/Mafb",25
"GO:0070374","BP","GO:0070374","positive regulation of ERK1 and ERK2 cascade","22/535","249/23239",8.45961458182914e-08,9.26773039583019e-06,6.78175196670735e-06,"Cd36/Ccl24/Trpv4/Mertk/Slamf1/Il6/Pdgfa/Htr2b/Tnfrsf11a/Slc30a10/Rasgrp1/P2ry1/Pdgfc/Ephb2/Gpnmb/St5/Flt3/P2ry6/Gpr55/Kdr/Chil1/Hmgb1",22
"GO:0022409","BP","GO:0022409","positive regulation of cell-cell adhesion","21/535","232/23239",1.1033716754557e-07,1.17777853459541e-05,8.61850911948396e-06,"Slamf1/Ada/Il6/Cd28/Spta1/Il2ra/Prkcq/Itga6/Rasgrp1/Lef1/Plpp3/Pdpn/Il4ra/Itgal/Efnb1/Il2rg/Dpp4/Card11/Rag1/Ank3/Il1rl2",21
"GO:0050707","BP","GO:0050707","regulation of cytokine secretion","19/535","195/23239",1.40417666226103e-07,1.45932072541201e-05,1.06787215174845e-05,"Cd36/Trpv4/Slamf1/Il6/Il1rl1/Htr2b/Rasgrp1/P2rx7/Il4ra/Bank1/Il17f/Flt3/Tlr1/Nlrp10/Cyp2j6/Hmgb1/Syt11/Nlrp12/Tlr5",19
"GO:0030099","BP","GO:0030099","myeloid cell differentiation","28/535","392/23239",1.4372363618038e-07,1.45932072541201e-05,1.06787215174845e-05,"Mpl/Spib/Gata2/Epb42/Alas2/Tnfrsf11a/Batf3/Rabgap1l/Gfi1b/Car2/Zbtb46/Lef1/Rhd/Tesc/Pf4/Clec1b/Gata1/Isg15/C1qc/Bpgm/Gpr55/Sox6/Hbb-b1/Rab7b/Gpc3/Hmgb1/Mafb/Cd101",28
"GO:0002274","BP","GO:0002274","myeloid leukocyte activation","19/535","196/23239",1.5222228032878e-07,1.50881274525883e-05,1.10408841922679e-05,"Adora3/Fcer1a/Gata2/Slamf1/Lbp/Snca/Il1rl1/Batf3/Prg3/Rasgrp1/Klrk1/Lat/Il4ra/Lat2/Cftr/Tlr1/Fcgr4/Nectin2/Hmgb1",19
"GO:0002366","BP","GO:0002366","leukocyte activation involved in immune response","22/535","258/23239",1.57834939101013e-07,1.52806244529655e-05,1.1181745746838e-05,"Adora3/Ly9/Fcer1a/Gata2/Slamf6/Slamf1/Lbp/Cd40/Ada/Il6/Cd28/Il18r1/Rasgrp1/Lef1/Cdh17/Lat/Il4ra/Itgal/Lat2/Il27/Hmgb1/Sh2d1b1",22
"GO:0070371","BP","GO:0070371","ERK1 and ERK2 cascade","26/535","348/23239",1.68182357363705e-07,1.59123444023887e-05,1.16440129715445e-05,"Cd36/Ccl24/Trpv4/Mertk/Slamf1/Il6/Pdgfa/Htr2b/Tnfrsf11a/Slc30a10/Atf3/Dab2ip/Rasgrp1/P2ry1/Pdgfc/Ephb2/Gpnmb/St5/Nlrp6/Flt3/P2ry6/Gpr55/Kdr/Chil1/Hmgb1/Nlrp12",26
"GO:0002263","BP","GO:0002263","cell activation involved in immune response","22/535","262/23239",2.0628489841765e-07,1.8903275142564e-05,1.38326556664804e-05,"Adora3/Ly9/Fcer1a/Gata2/Slamf6/Slamf1/Lbp/Cd40/Ada/Il6/Cd28/Il18r1/Rasgrp1/Lef1/Cdh17/Lat/Il4ra/Itgal/Lat2/Il27/Hmgb1/Sh2d1b1",22
"GO:0002791","BP","GO:0002791","regulation of peptide secretion","32/535","498/23239",2.08875968426121e-07,1.8903275142564e-05,1.38326556664804e-05,"Cd36/Cacna1e/Trpv4/Slamf1/Cd40/Hnf4a/Adora2a/Il6/Il1rl1/Htr2b/Prkcq/Rasgrp1/Cd38/P2rx7/Siglecg/Cd22/Il4ra/Atp13a2/Bank1/Ptger3/Cftr/Il17f/Flt3/Tlr1/Nlrp10/Cyp2j6/Gja5/Hmgb1/Syt11/Gpr27/Nlrp12/Tlr5",32
"GO:0019932","BP","GO:0019932","second-messenger-mediated signaling","29/535","425/23239",2.26057822733188e-07,2.00229514050694e-05,1.46519896750246e-05,"Adora3/Cd36/Apoe/Aqp1/Fcer1a/Mrvi1/Ada/Adora2a/Htr2b/Atp1b1/Nfatc2/Sla2/Gucy1b1/Pf4/Dmpk/Siglecg/Cd22/Lat/Itgal/Gucy1a1/Ptger3/Lat2/Pde3a/Cmklr1/P2ry6/Cxcr3/Ksr2/Kdr/Prnp",29
"GO:0007200","BP","GO:0007200","phospholipase C-activating G protein-coupled receptor signaling pathway","13/535","94/23239",2.42495729514657e-07,2.10314525410316e-05,1.53899702020925e-05,"Htr2b/Gpr35/P2ry1/P2ry2/Ptger3/C3ar1/Cmklr1/S1pr1/Gpr157/Gpr55/P2ry10/Gpr27/Gpr174",13
"GO:0002822","BP","GO:0002822","regulation of adaptive immune response based on somatic recombination of immune receptors built from immunoglobulin superfamily domains","18/535","188/23239",3.88149586085533e-07,3.29768719770219e-05,2.41311471993885e-05,"Fcer1a/Slamf1/Cd40/Ada/Arg1/Il6/Cd28/Il1rl1/Il18r1/Cd55/Prkcq/P2rx7/Il4ra/Dpp4/Il27/Nlrp10/Nectin2/Hmgb1",18
"GO:0019722","BP","GO:0019722","calcium-mediated signaling","19/535","209/23239",4.14566392919877e-07,3.4516797874509e-05,2.52580029707395e-05,"Adora3/Fcer1a/Ada/Htr2b/Atp1b1/Nfatc2/Sla2/Dmpk/Siglecg/Cd22/Lat/Itgal/Lat2/Cmklr1/P2ry6/Cxcr3/Ksr2/Kdr/Prnp",19
"GO:0042035","BP","GO:0042035","regulation of cytokine biosynthetic process","13/535","101/23239",5.67407929298379e-07,4.63160629346892e-05,3.38922300802788e-05,"Fcer1a/Lbp/Il6/Cd28/Prkcq/Prg3/Adam33/Tnfrsf8/Card11/Il17f/Il27/Tlr1/Nlrp12",13
"GO:0002253","BP","GO:0002253","activation of immune response","31/535","496/23239",5.8883013470609e-07,4.71403817457971e-05,3.44954333975592e-05,"Cd36/Cd79a/Lbp/Ada/Cd28/Cd55/Dab2ip/Fcna/Nfatc2/Ermap/Cd38/Klrk1/Cd19/C1qa/C1qc/C1qb/Nlrp6/C3ar1/Lat2/Cmklr1/Tnip3/Tlr1/Lax1/Rab7b/Txk/Nectin2/Tlr12/Hmgb1/Skint3/Prnp/Tlr5",31
"GO:0045785","BP","GO:0045785","positive regulation of cell adhesion","27/535","399/23239",6.95185427617274e-07,5.46048478334096e-05,3.99576291464626e-05,"Cd36/Slamf1/Sdc4/Ada/Il6/Cd28/Spta1/Il2ra/Prkcq/Itga6/Rasgrp1/Lef1/Plpp3/Pdpn/Spp1/Il4ra/Itgal/Efnb1/Il2rg/Dpp4/Card11/Tnfrsf18/Mmrn1/Rag1/Kdr/Ank3/Il1rl2",27
"GO:0007596","BP","GO:0007596","blood coagulation","16/535","157/23239",7.42296503327849e-07,5.72255619139599e-05,4.18753621955321e-05,"Vwf/Cd36/Apoe/Mertk/Hnf4a/Pdgfa/Prkcq/P2ry1/Pdpn/Pf4/Gp9/Gata1/Serpine1/Ptger3/Mmrn1/Gp6",16
"GO:1903532","BP","GO:1903532","positive regulation of secretion by cell","29/535","453/23239",8.40835099801218e-07,6.36435730994994e-05,4.65718043794206e-05,"Adora3/Cd36/Fcer1a/Trpv4/Gata2/Slamf1/Sdc4/Adora2a/Il6/Snca/Il1rl1/Htr2b/Prkcq/Rasgrp1/P2ry1/Cd38/Spp1/P2rx7/Il4ra/Atp13a2/Kmo/Cftr/Il17f/Flt3/Tlr1/Nlrp10/Cyp2j6/Hmgb1/Gpr27",29
"GO:0007599","BP","GO:0007599","hemostasis","16/535","159/23239",8.80378053536806e-07,6.54466756584593e-05,4.789124223563e-05,"Vwf/Cd36/Apoe/Mertk/Hnf4a/Pdgfa/Prkcq/P2ry1/Pdpn/Pf4/Gp9/Gata1/Serpine1/Ptger3/Mmrn1/Gp6",16
"GO:0030217","BP","GO:0030217","T cell differentiation","21/535","264/23239",9.45861091834e-07,6.89686792697947e-05,5.04685026756478e-05,"Ly9/Slamf6/Ada/Il6/Cd28/Il18r1/Il2ra/Rasgrp1/Lef1/Il4ra/Il2rg/Card11/Fut7/Flt3/Il27/Txk/Rag1/Cyp26b1/Il1rl2/Mafb/Gimap1",21
"GO:0050867","BP","GO:0050867","positive regulation of cell activation","29/535","456/23239",9.6088959828203e-07,6.89686792697947e-05,5.04685026756478e-05,"Adora3/Fcer1a/Mpl/Gata2/Slamf1/Lbp/Cd40/Ada/Il6/Cd28/Il1rl1/Spta1/Il2ra/Prkcq/Rasgrp1/Nfatc2/Pdpn/Cd38/Klrk1/Il4ra/Itgal/Efnb1/Il2rg/Dpp4/Card11/Cftr/Rag1/Nectin2/Il1rl2",29
"GO:0050817","BP","GO:0050817","coagulation","16/535","161/23239",1.04123544058942e-06,7.29288814578542e-05,5.33664191913802e-05,"Vwf/Cd36/Apoe/Mertk/Hnf4a/Pdgfa/Prkcq/P2ry1/Pdpn/Pf4/Gp9/Gata1/Serpine1/Ptger3/Mmrn1/Gp6",16
"GO:0032755","BP","GO:0032755","positive regulation of interleukin-6 production","12/535","90/23239",1.05110086175144e-06,7.29288814578542e-05,5.33664191913802e-05,"Cd36/Trpv4/Lbp/Il6/P2rx7/Spon2/Il17f/Tlr1/Nlrp10/Rab7b/Hmgb1/Il1rl2",12
"GO:0002819","BP","GO:0002819","regulation of adaptive immune response","18/535","202/23239",1.11604115499153e-06,7.61652348890121e-05,5.57346523303794e-05,"Fcer1a/Slamf1/Cd40/Ada/Arg1/Il6/Cd28/Il1rl1/Il18r1/Cd55/Prkcq/P2rx7/Il4ra/Dpp4/Il27/Nlrp10/Nectin2/Hmgb1",18
"GO:0030098","BP","GO:0030098","lymphocyte differentiation","26/535","387/23239",1.27770585007717e-06,8.57917653850202e-05,6.27789597644028e-05,"Cd79a/Ly9/Pou2f2/Mertk/Slamf6/Slamf1/Ada/Il6/Cd28/Il18r1/Il2ra/Rasgrp1/Lef1/Cdh17/Il4ra/Il2rg/Card11/Fut7/Flt3/Il27/Txk/Rag1/Cyp26b1/Il1rl2/Mafb/Gimap1",26
"GO:0002703","BP","GO:0002703","regulation of leukocyte mediated immunity","20/535","247/23239",1.29971972246742e-06,8.58846540417755e-05,6.28469319435373e-05,"Adora3/Fcer1a/Gata2/Slamf6/Slamf1/Cd40/Arg1/Il6/Cd28/Il18r1/Cd55/Rasgrp1/P2rx7/Klrk1/Il4ra/Dpp4/Nectin2/Hmgb1/Klrb1b/Sh2d1b1",20
"GO:0007204","BP","GO:0007204","positive regulation of cytosolic calcium ion concentration","23/535","316/23239",1.35815837809014e-06,8.79400561863414e-05,6.43509924784182e-05,"Cd36/Trpv4/Gata2/Snca/Htr2b/Gpr35/P2ry1/Cd38/P2rx7/Cd19/P2ry2/Ptger3/C3ar1/Cmklr1/S1pr1/Gpr157/P2ry6/Gpr55/Cxcr3/P2ry10/Kdr/Gpr174/Prnp",23
"GO:0051480","BP","GO:0051480","regulation of cytosolic calcium ion concentration","25/535","364/23239",1.37307318090612e-06,8.79400561863414e-05,6.43509924784182e-05,"Cd36/Trpv4/Gata2/Snca/Htr2b/Gpr35/P2ry1/Cd38/P2rx7/Cd19/P2ry2/Hrc/Ptger3/C3ar1/Cmklr1/S1pr1/Gpr157/P2ry6/Gpr55/Cxcr3/P2ry10/Kdr/Cnga1/Gpr174/Prnp",25
"GO:0002696","BP","GO:0002696","positive regulation of leukocyte activation","28/535","442/23239",1.59569635646547e-06,0.000100491686770285,7.3535770386539e-05,"Adora3/Fcer1a/Mpl/Gata2/Slamf1/Lbp/Cd40/Ada/Il6/Cd28/Il1rl1/Spta1/Il2ra/Prkcq/Rasgrp1/Nfatc2/Cd38/Klrk1/Il4ra/Itgal/Efnb1/Il2rg/Dpp4/Card11/Cftr/Rag1/Nectin2/Il1rl2",28
"GO:0007264","BP","GO:0007264","small GTPase mediated signal transduction","29/535","468/23239",1.61732957329067e-06,0.000100491686770285,7.3535770386539e-05,"Rhoc/Apoe/Rasa4/Vav2/Eps8/Gpr35/Rgl1/Ralgps2/Ralgds/Dab2ip/Rasgrp1/Bcar3/Pdpn/Ephb2/Col1a2/Rab19/Lat/Rhov/Dgki/Plekhg5/Arhgef10l/Gpr55/P2ry10/Rab7b/Rras2/Gm14137/Ksr2/Cdc42ep5/Gpr174",29
"GO:0002764","BP","GO:0002764","immune response-regulating signaling pathway","28/535","445/23239",1.81964886808897e-06,0.000110684058513224,8.09941376631905e-05,"Cd36/Cd79a/Lbp/Cd40/Ada/Cd28/Dab2ip/Nfatc2/Ermap/Cd38/Klrk1/Cd19/Nlrp6/C3ar1/Lat2/Cmklr1/Tnip3/Tlr1/Lax1/Rab7b/Txk/Nectin2/Tlr12/Hmgb1/Skint3/Prnp/Tlr5/Sh2d1b1",28
"GO:0042129","BP","GO:0042129","regulation of T cell proliferation","16/535","168/23239",1.83454240629652e-06,0.000110684058513224,8.09941376631905e-05,"Slamf1/Sdc4/Arg1/Il6/Cd28/Spta1/Il2ra/Prkcq/Gpnmb/Itgal/Efnb1/Card11/Zc3h12d/Il27/Tarm1/Prnp",16
"GO:0030595","BP","GO:0030595","leukocyte chemotaxis","18/535","210/23239",1.95430200573086e-06,0.000114658356809006,8.39023691430174e-05,"Ccl24/Trpv4/Slamf1/Lbp/Gpr35/Padi2/Spp1/Ppbp/Pf4/Klrk1/Ptpro/Serpine1/Camk1d/C3ar1/Cmklr1/S1pr1/Cxcr3/Slamf8",18
"GO:0007015","BP","GO:0007015","actin filament organization","26/535","396/23239",1.95549923935609e-06,0.000114658356809006,8.39023691430174e-05,"Rhoc/Ccl24/Trpv4/Eps8/Sdc4/Myo1b/Enah/Spta1/Prkcq/Neb/Tmod1/Fscn1/Cald1/Add2/Fchsd2/Ush1c/Rhov/Mical2/Hip1/Arhgef10l/Fhdc1/S1pr1/Nebl/Gm14137/Cdc42ep5/Marcks",26
"GO:0042089","BP","GO:0042089","cytokine biosynthetic process","13/535","113/23239",2.07667009772484e-06,0.000120071911344841,8.78637903920423e-05,"Fcer1a/Lbp/Il6/Cd28/Prkcq/Prg3/Adam33/Tnfrsf8/Card11/Il17f/Il27/Tlr1/Nlrp12",13
"GO:0045639","BP","GO:0045639","positive regulation of myeloid cell differentiation","12/535","96/23239",2.11557272638019e-06,0.000120645606300284,8.82835972623543e-05,"Mpl/Gata2/Gfi1b/Car2/Lef1/Tesc/Pf4/Gata1/Isg15/Rab7b/Hmgb1/Cd101",12
"GO:0045088","BP","GO:0045088","regulation of innate immune response","20/535","256/23239",2.25980449950282e-06,0.000127129272046355,9.30280828102583e-05,"Cd36/Slamf6/Lbp/Arg1/Dab2ip/Rasgrp1/Zbp1/Klrk1/Nlrp6/Tnip3/Tlr1/Rab7b/Slamf8/Txk/Nectin2/Tlr12/Hmgb1/Tlr5/Klrb1b/Sh2d1b1",20
"GO:0007265","BP","GO:0007265","Ras protein signal transduction","26/535","400/23239",2.35174530972376e-06,0.000130537542991734,9.55221182644291e-05,"Rhoc/Apoe/Rasa4/Vav2/Eps8/Gpr35/Ralgps2/Dab2ip/Rasgrp1/Pdpn/Ephb2/Col1a2/Rab19/Lat/Rhov/Dgki/Plekhg5/Arhgef10l/Gpr55/P2ry10/Rab7b/Rras2/Gm14137/Ksr2/Cdc42ep5/Gpr174",26
"GO:0002706","BP","GO:0002706","regulation of lymphocyte mediated immunity","17/535","192/23239",2.41177416527363e-06,0.000132108103289923,9.6671391056813e-05,"Fcer1a/Slamf6/Slamf1/Cd40/Arg1/Il6/Cd28/Il18r1/Cd55/Rasgrp1/P2rx7/Klrk1/Dpp4/Nectin2/Hmgb1/Klrb1b/Sh2d1b1",17
"GO:0046631","BP","GO:0046631","alpha-beta T cell activation","15/535","153/23239",2.67436710326496e-06,0.000144589483777819,0.000105804762773053,"Ly9/Slamf6/Ada/Adora2a/Il6/Cd28/Il18r1/Prkcq/Lef1/Il4ra/Il2rg/Fut7/Il27/Tarm1/Txk",15
"GO:0042107","BP","GO:0042107","cytokine metabolic process","13/535","117/23239",3.07968038306601e-06,0.00016436806967569,0.000120277935608543,"Fcer1a/Lbp/Il6/Cd28/Prkcq/Prg3/Adam33/Tnfrsf8/Card11/Il17f/Il27/Tlr1/Nlrp12",13
"GO:0015850","BP","GO:0015850","organic hydroxy compound transport","19/535","239/23239",3.12712215922211e-06,0.000164787462643565,0.000120584830496853,"Cd36/Apoe/Aqp1/Fcer1a/Pltp/Adora2a/Snca/P2ry1/Stra6l/Abcg3/Spp1/Slco2b1/Syt8/Ttc39b/Ptger3/Cftr/Abcb4/Syt11/Pgap1",19
"GO:0050714","BP","GO:0050714","positive regulation of protein secretion","21/535","285/23239",3.21171571157902e-06,0.000165901180150183,0.00012139980412775,"Cd36/Trpv4/Slamf1/Adora2a/Il6/Il1rl1/Htr2b/Prkcq/Rasgrp1/Cd38/P2rx7/Il4ra/Atp13a2/Cftr/Il17f/Flt3/Tlr1/Nlrp10/Cyp2j6/Hmgb1/Gpr27",21
"GO:0050671","BP","GO:0050671","positive regulation of lymphocyte proliferation","14/535","136/23239",3.2279595465205e-06,0.000165901180150183,0.00012139980412775,"Mpl/Slamf1/Cd40/Ada/Il6/Cd28/Spta1/Il2ra/Prkcq/Nfatc2/Cd38/Itgal/Efnb1/Card11",14
"GO:0032946","BP","GO:0032946","positive regulation of mononuclear cell proliferation","14/535","138/23239",3.83694584075258e-06,0.000194795189451866,0.000142543276805365,"Mpl/Slamf1/Cd40/Ada/Il6/Cd28/Spta1/Il2ra/Prkcq/Nfatc2/Cd38/Itgal/Efnb1/Card11",14
"GO:0042098","BP","GO:0042098","T cell proliferation","17/535","202/23239",4.80345138631592e-06,0.000240924917123291,0.00017629915424221,"Slamf1/Sdc4/Arg1/Il6/Cd28/Spta1/Il2ra/Prkcq/P2rx7/Gpnmb/Itgal/Efnb1/Card11/Zc3h12d/Il27/Tarm1/Prnp",17
"GO:0050715","BP","GO:0050715","positive regulation of cytokine secretion","14/535","141/23239",4.94250155753215e-06,0.000243905304618456,0.000178480081814939,"Cd36/Trpv4/Slamf1/Il1rl1/Htr2b/Rasgrp1/P2rx7/Il4ra/Il17f/Flt3/Tlr1/Nlrp10/Cyp2j6/Hmgb1",14
"GO:0032602","BP","GO:0032602","chemokine production","11/535","87/23239",5.0147511212341e-06,0.000243905304618456,0.000178480081814939,"Mpl/Mcoln2/Trpv4/Lbp/Il6/Il1rl1/Il4ra/P2ry2/Ackr1/Cxcr3/Hmgb1",11
"GO:0045453","BP","GO:0045453","bone resorption","10/535","71/23239",5.03863949007621e-06,0.000243905304618456,0.000178480081814939,"Il6/Tnfrsf11a/Car2/Ctsk/Cd38/Spp1/P2rx7/S1pr1/Gpr55/Fcgr4",10
"GO:0050870","BP","GO:0050870","positive regulation of T cell activation","16/535","183/23239",5.59060519842741e-06,0.000267513671736245,0.000195755734352679,"Slamf1/Ada/Il6/Cd28/Spta1/Il2ra/Prkcq/Rasgrp1/Il4ra/Itgal/Efnb1/Il2rg/Dpp4/Card11/Rag1/Il1rl2",16
"GO:1902107","BP","GO:1902107","positive regulation of leukocyte differentiation","15/535","163/23239",5.85892544707568e-06,0.000277167120865637,0.000202819739758816,"Ada/Il6/Il2ra/Gfi1b/Rasgrp1/Car2/Zbtb46/Lef1/Tesc/Pf4/Il4ra/Il2rg/Rag1/Il1rl2/Cd101",15
"GO:0070665","BP","GO:0070665","positive regulation of leukocyte proliferation","14/535","144/23239",6.3223986020354e-06,0.000295731970564869,0.000216404749311537,"Mpl/Slamf1/Cd40/Ada/Il6/Cd28/Spta1/Il2ra/Prkcq/Nfatc2/Cd38/Itgal/Efnb1/Card11",14
"GO:0042832","BP","GO:0042832","defense response to protozoan","7/535","32/23239",6.72994661593608e-06,0.000311297419579354,0.000227794918204901,"Cd40/Arg1/Il6/Gbp9/Pf4/Il4ra/Tlr12",7
"GO:0015711","BP","GO:0015711","organic anion transport","25/535","399/23239",6.9679033684571e-06,0.000318762436515241,0.000233257517042393,"Cd36/Apoe/Pltp/Slc13a3/Slc6a8/Arg1/Adora2a/Snca/Slc16a14/Tnfrsf11a/Slc52a3/Atp9a/Stra6l/Atp8b5/P2rx7/Slco2b1/Slc38a5/Folr2/P2ry2/Slc32a1/Kmo/Ptger3/Cftr/Abcb4/Fabp4",25
"GO:0070838","BP","GO:0070838","divalent metal ion transport","27/535","452/23239",7.24207411862466e-06,0.000325845952900962,0.000238440949137232,"Cacna1e/Slc30a4/Mcoln2/Trpv4/Micu1/Adora2a/Snca/Htr2b/Gpr35/Atp1b1/Slc30a10/Gem/Cachd1/Slc30a2/P2rx7/Cd19/Kcne3/Slc39a12/Serpine1/Hrc/Ptger3/P2ry6/Cxcr3/Tmem37/Cacnb2/Nipal1/Prnp",27
"GO:0001776","BP","GO:0001776","leukocyte homeostasis","12/535","108/23239",7.35755934967342e-06,0.000325845952900962,0.000238440949137232,"Mpl/Mertk/Ada/Il6/Spta1/Il2ra/P2rx7/Lat/Flt3/Chst3/Rag1/Gpr174",12
"GO:0032649","BP","GO:0032649","regulation of interferon-gamma production","12/535","108/23239",7.35755934967342e-06,0.000325845952900962,0.000238440949137232,"Slamf6/Slamf1/Il1rl1/Il18r1/Rasgrp1/Klrk1/Isg15/Flt3/Il27/Txk/Prnp/Sh2d1b1",12
"GO:0002685","BP","GO:0002685","regulation of leukocyte migration","16/535","188/23239",7.88920776383392e-06,0.000345713388640427,0.000252979138709533,"Adora3/Ccl24/Trpv4/Slamf1/Lbp/Ada/Padi2/Klrk1/Serpine1/Camk1d/Ptger3/C3ar1/Tnfrsf18/Cmklr1/Cxcr3/Slamf8",16
"GO:0050920","BP","GO:0050920","regulation of chemotaxis","17/535","210/23239",8.06684009395942e-06,0.000349815159491178,0.000255980649472791,"Sema4f/Trpv4/Slamf1/Lbp/Sema4c/Padi2/Plxna4/Klrk1/Serpine1/Camk1d/C3ar1/Cmklr1/S1pr1/Cxcr3/Slamf8/Kdr/Hmgb1",17
"GO:0072511","BP","GO:0072511","divalent inorganic cation transport","27/535","455/23239",8.16468699767582e-06,0.000350408164652829,0.00025641458677454,"Cacna1e/Slc30a4/Mcoln2/Trpv4/Micu1/Adora2a/Snca/Htr2b/Gpr35/Atp1b1/Slc30a10/Gem/Cachd1/Slc30a2/P2rx7/Cd19/Kcne3/Slc39a12/Serpine1/Hrc/Ptger3/P2ry6/Cxcr3/Tmem37/Cacnb2/Nipal1/Prnp",27
"GO:0002757","BP","GO:0002757","immune response-activating signal transduction","26/535","431/23239",8.98363763874805e-06,0.000381621260103144,0.000279255073324778,"Cd36/Cd79a/Lbp/Ada/Cd28/Dab2ip/Nfatc2/Ermap/Cd38/Klrk1/Cd19/Nlrp6/C3ar1/Lat2/Cmklr1/Tnip3/Tlr1/Lax1/Rab7b/Txk/Nectin2/Tlr12/Hmgb1/Skint3/Prnp/Tlr5",26
"GO:0002460","BP","GO:0002460","adaptive immune response based on somatic recombination of immune receptors built from immunoglobulin superfamily domains","26/535","432/23239",9.35720840456483e-06,0.000393475339274782,0.000287929411194159,"Ly9/Fcer1a/Pou2f2/Slamf6/Slamf1/Cd40/Ada/Arg1/Il6/Cd28/Il1rl1/Il18r1/Cd55/Prkcq/Lef1/P2rx7/Il4ra/Dpp4/C1qa/C1qc/C1qb/C3ar1/Il27/Nlrp10/Nectin2/Hmgb1",26
"GO:0045089","BP","GO:0045089","positive regulation of innate immune response","17/535","213/23239",9.72976685346829e-06,0.000405050194109885,0.000296399423936181,"Cd36/Slamf6/Lbp/Dab2ip/Rasgrp1/Zbp1/Klrk1/Nlrp6/Tnip3/Tlr1/Rab7b/Txk/Nectin2/Tlr12/Hmgb1/Tlr5/Sh2d1b1",17
"GO:0043270","BP","GO:0043270","positive regulation of ion transport","21/535","307/23239",1.01373238680469e-05,0.00041783840854138,0.000305757324378612,"Apoe/Adora2a/Fhl1/Snca/Tnfrsf11a/Atp1b1/P2ry1/Ephb2/Tesc/P2rx7/Cd19/P2ry2/Kcne3/Serpine1/Kmo/Cftr/Abcb4/P2ry6/Cxcr3/Cacnb2/Ank3",21
"GO:0050866","BP","GO:0050866","negative regulation of cell activation","16/535","192/23239",1.03001406124275e-05,0.000420387111466035,0.000307622362563108,"Apoe/Mertk/Sdc4/Arg1/Adora2a/Pdgfa/Il2ra/Gpnmb/Il4ra/Bank1/Zc3h12d/Ptger3/Flt3/Lax1/Tarm1/Prnp",16
"GO:1903039","BP","GO:1903039","positive regulation of leukocyte cell-cell adhesion","16/535","194/23239",1.17358878428506e-05,0.000471454144600718,0.000344991161352385,"Slamf1/Ada/Il6/Cd28/Spta1/Il2ra/Prkcq/Rasgrp1/Il4ra/Itgal/Efnb1/Il2rg/Dpp4/Card11/Rag1/Il1rl2",16
"GO:0071706","BP","GO:0071706","tumor necrosis factor superfamily cytokine production","14/535","152/23239",1.18092131335885e-05,0.000471454144600718,0.000344991161352385,"Cd36/Slamf1/Lbp/Rasgrp1/Tnfrsf8/Pf4/Gpnmb/Spon2/Il17f/Flt3/Tlr1/Cyp2j6/Hmgb1/Syt11",14
"GO:0030168","BP","GO:0030168","platelet activation","10/535","78/23239",1.18911086195233e-05,0.000471454144600718,0.000344991161352385,"Vwf/Apoe/Mertk/Pdgfa/Prkcq/P2ry1/Pdpn/Pf4/Gata1/Ptger3",10
"GO:0002448","BP","GO:0002448","mast cell mediated immunity","8/535","48/23239",1.25675571990738e-05,0.000493573024714568,0.000361176867270304,"Adora3/Fcer1a/Gata2/Rasgrp1/Lat/Il4ra/Spon2/Lat2",8
"GO:0002262","BP","GO:0002262","myeloid cell homeostasis","15/535","174/23239",1.29310977426643e-05,0.000500684999311117,0.000366381123938044,"Ampd3/Mpl/Mertk/Gata2/Epb42/Alas2/Il6/Gfi1b/Rhd/Gata1/Isg15/Bpgm/Sox6/Hbb-b1/Mafb",15
"GO:0035710","BP","GO:0035710","CD4-positive, alpha-beta T cell activation","11/535","96/23239",1.31094559031736e-05,0.000500684999311117,0.000366381123938044,"Ly9/Slamf6/Il6/Il18r1/Prkcq/Lef1/Il4ra/Il2rg/Fut7/Il27/Tarm1",11
"GO:0046849","BP","GO:0046849","bone remodeling","11/535","96/23239",1.31094559031736e-05,0.000500684999311117,0.000366381123938044,"Il6/Tnfrsf11a/Car2/Ctsk/Cd38/Spp1/P2rx7/Tph1/S1pr1/Gpr55/Fcgr4",11
"GO:0002793","BP","GO:0002793","positive regulation of peptide secretion","21/535","313/23239",1.35852070402812e-05,0.00051413833553355,0.000376225733727978,"Cd36/Trpv4/Slamf1/Adora2a/Il6/Il1rl1/Htr2b/Prkcq/Rasgrp1/Cd38/P2rx7/Il4ra/Atp13a2/Cftr/Il17f/Flt3/Tlr1/Nlrp10/Cyp2j6/Hmgb1/Gpr27",21
"GO:0045124","BP","GO:0045124","regulation of bone resorption","8/535","49/23239",1.47197649433375e-05,0.000548387883156914,0.000401288173724948,"Il6/Tnfrsf11a/Car2/Cd38/Spp1/P2rx7/S1pr1/Fcgr4",8
"GO:0002705","BP","GO:0002705","positive regulation of leukocyte mediated immunity","15/535","176/23239",1.48251681247021e-05,0.000548387883156914,0.000401288173724948,"Adora3/Fcer1a/Gata2/Slamf6/Cd40/Arg1/Il6/Cd28/Il18r1/Rasgrp1/P2rx7/Klrk1/Il4ra/Nectin2/Sh2d1b1",15
"GO:0002443","BP","GO:0002443","leukocyte mediated immunity","28/535","498/23239",1.50541438344976e-05,0.000548387883156914,0.000401288173724948,"Adora3/Fcer1a/Pou2f2/Gata2/Slamf6/Slamf1/Cd40/Arg1/Il6/Cd28/Il18r1/Cd55/Rasgrp1/P2rx7/Klrk1/Klrd1/Lat/Il4ra/Dpp4/C1qa/C1qc/C1qb/Spon2/Lat2/Nectin2/Hmgb1/Klrb1b/Sh2d1b1",28
"GO:0097529","BP","GO:0097529","myeloid leukocyte migration","16/535","198/23239",1.51525225817404e-05,0.000548387883156914,0.000401288173724948,"Ccl24/Mcoln2/Trpv4/Slamf1/Lbp/Gpr35/Spp1/Ppbp/Pf4/Ptpro/Serpine1/Camk1d/Ptger3/C3ar1/Cmklr1/Slamf8",16
"GO:0044070","BP","GO:0044070","regulation of anion transport","12/535","116/23239",1.53677451634651e-05,0.000548387883156914,0.000401288173724948,"Apoe/Arg1/Adora2a/Snca/Tnfrsf11a/Car2/P2rx7/P2ry2/Kmo/Cftr/Abcb4/Prnp",12
"GO:0001562","BP","GO:0001562","response to protozoan","7/535","36/23239",1.5412294578275e-05,0.000548387883156914,0.000401288173724948,"Cd40/Arg1/Il6/Gbp9/Pf4/Il4ra/Tlr12",7
"GO:0051482","BP","GO:0051482","positive regulation of cytosolic calcium ion concentration involved in phospholipase C-activating G protein-coupled signaling pathway","7/535","36/23239",1.5412294578275e-05,0.000548387883156914,0.000401288173724948,"Gpr35/C3ar1/S1pr1/Gpr157/Gpr55/P2ry10/Gpr174",7
"GO:0035587","BP","GO:0035587","purinergic receptor signaling pathway","5/535","15/23239",1.57445226545673e-05,0.000555461422126812,0.000406464304748599,"Adora3/Ada/Adora2a/P2ry1/P2rx7",5
"GO:0002275","BP","GO:0002275","myeloid cell activation involved in immune response","10/535","81/23239",1.66902818917203e-05,0.000583879357270853,0.000427259405525329,"Adora3/Fcer1a/Gata2/Slamf1/Lbp/Rasgrp1/Lat/Il4ra/Lat2/Hmgb1",10
"GO:0042108","BP","GO:0042108","positive regulation of cytokine biosynthetic process","9/535","65/23239",1.72598734633254e-05,0.000598773776898529,0.000438158542130382,"Fcer1a/Lbp/Cd28/Prkcq/Prg3/Tnfrsf8/Card11/Il27/Tlr1",9
"GO:0050848","BP","GO:0050848","regulation of calcium-mediated signaling","11/535","99/23239",1.7611493584703e-05,0.000605922709034038,0.000443389842837151,"Adora3/Fcer1a/Ada/Sla2/Siglecg/Cd22/Itgal/Cmklr1/P2ry6/Kdr/Prnp",11
"GO:0019934","BP","GO:0019934","cGMP-mediated signaling","7/535","37/23239",1.8633786572603e-05,0.000626501511934465,0.000458448582256809,"Cd36/Apoe/Aqp1/Mrvi1/Htr2b/Gucy1b1/Pde3a",7
"GO:0030851","BP","GO:0030851","granulocyte differentiation","7/535","37/23239",1.8633786572603e-05,0.000626501511934465,0.000458448582256809,"Gata2/Gfi1b/Zbtb46/Lef1/Tesc/Gata1/C1qc",7
"GO:0042060","BP","GO:0042060","wound healing","22/535","345/23239",1.87726566576146e-05,0.000626501511934465,0.000458448582256809,"Vwf/Cd36/Apoe/Aqp1/Mertk/Sdc4/Hnf4a/Pdgfa/Prkcq/Eng/P2ry1/Pdpn/Pf4/Gp9/Gata1/Serpine1/Nlrp6/Ptger3/Mmrn1/Hmgb1/Syt11/Gp6",22
"GO:0051222","BP","GO:0051222","positive regulation of protein transport","25/535","423/23239",1.88115995656517e-05,0.000626501511934465,0.000458448582256809,"Cd36/Trpv4/Slamf1/Adora2a/Il6/Il1rl1/Htr2b/Prkcq/Rasgrp1/Cd38/P2rx7/Il4ra/Prr5l/Atp13a2/Cftr/Il17f/Flt3/Tlr1/Nlrp10/Slc35d3/Cyp2j6/Hmgb1/Ank3/Gpr27/Prnp",25
"GO:0032642","BP","GO:0032642","regulation of chemokine production","10/535","83/23239",2.07429976918805e-05,0.000685342058661099,0.000501505725315807,"Mpl/Mcoln2/Trpv4/Lbp/Il6/Il1rl1/Il4ra/P2ry2/Ackr1/Hmgb1",10
"GO:0032609","BP","GO:0032609","interferon-gamma production","12/535","120/23239",2.16786984994157e-05,0.000710617494906045,0.000520001271921335,"Slamf6/Slamf1/Il1rl1/Il18r1/Rasgrp1/Klrk1/Isg15/Flt3/Il27/Txk/Prnp/Sh2d1b1",12
"GO:0045576","BP","GO:0045576","mast cell activation","9/535","68/23239",2.50311670571126e-05,0.00081409959733406,0.000595725308086216,"Adora3/Fcer1a/Gata2/Rasgrp1/Lat/Il4ra/Lat2/Cftr/Nectin2",9
"GO:0048305","BP","GO:0048305","immunoglobulin secretion","6/535","27/23239",2.83880229915957e-05,0.00091611891251173,0.00067037893543597,"Pou2f2/Cd40/Il6/Siglecg/Cd22/Lax1",6
"GO:0002573","BP","GO:0002573","myeloid leukocyte differentiation","16/535","209/23239",2.95292574108684e-05,0.000945617681549577,0.000691964946939701,"Spib/Gata2/Tnfrsf11a/Batf3/Gfi1b/Car2/Zbtb46/Lef1/Tesc/Pf4/Gata1/C1qc/Gpr55/Gpc3/Mafb/Cd101",16
"GO:0002699","BP","GO:0002699","positive regulation of immune effector process","18/535","256/23239",2.99703167408675e-05,0.000952415485436882,0.000696939306131544,"Adora3/Cd36/Fcer1a/Gata2/Slamf6/Lbp/Cd40/Arg1/Il6/Cd28/Il18r1/Rasgrp1/P2rx7/Klrk1/Il4ra/Spon2/Nectin2/Sh2d1b1",18
"GO:0097530","BP","GO:0097530","granulocyte migration","13/535","145/23239",3.20551233385151e-05,0.00101095059438059,0.000739772942118522,"Ccl24/Mcoln2/Trpv4/Slamf1/Lbp/Spp1/Ppbp/Pf4/Camk1d/Ptger3/C3ar1/Cmklr1/Slamf8",13
"GO:0045637","BP","GO:0045637","regulation of myeloid cell differentiation","16/535","212/23239",3.51233376298923e-05,0.00109938687634016,0.000804487052638768,"Mpl/Gata2/Gfi1b/Car2/Zbtb46/Lef1/Tesc/Pf4/Gata1/Isg15/C1qc/Gpr55/Rab7b/Hmgb1/Mafb/Cd101",16
"GO:0032680","BP","GO:0032680","regulation of tumor necrosis factor production","13/535","147/23239",3.70268202811213e-05,0.00114179742837265,0.000835521387084327,"Cd36/Slamf1/Lbp/Rasgrp1/Tnfrsf8/Pf4/Gpnmb/Spon2/Flt3/Tlr1/Cyp2j6/Hmgb1/Syt11",13
"GO:0051250","BP","GO:0051250","negative regulation of lymphocyte activation","13/535","147/23239",3.70268202811213e-05,0.00114179742837265,0.000835521387084327,"Mertk/Sdc4/Arg1/Adora2a/Il2ra/Gpnmb/Il4ra/Bank1/Zc3h12d/Flt3/Lax1/Tarm1/Prnp",13
"GO:1904951","BP","GO:1904951","positive regulation of establishment of protein localization","25/535","441/23239",3.74469539339584e-05,0.00114626227372845,0.000838788581152287,"Cd36/Trpv4/Slamf1/Adora2a/Il6/Il1rl1/Htr2b/Prkcq/Rasgrp1/Cd38/P2rx7/Il4ra/Prr5l/Atp13a2/Cftr/Il17f/Flt3/Tlr1/Nlrp10/Slc35d3/Cyp2j6/Hmgb1/Ank3/Gpr27/Prnp",25
"GO:0007266","BP","GO:0007266","Rho protein signal transduction","15/535","191/23239",3.87791661447162e-05,0.00117837714350696,0.000862288949848703,"Rhoc/Apoe/Vav2/Eps8/Gpr35/Pdpn/Col1a2/Rhov/Plekhg5/Arhgef10l/Gpr55/P2ry10/Gm14137/Cdc42ep5/Gpr174",15
"GO:0009615","BP","GO:0009615","response to virus","18/535","262/23239",4.06432391186494e-05,0.00122607104674592,0.000897189427989103,"Htra1/Cd40/Il6/Batf3/Il2ra/Zbp1/Oasl2/Irf5/Itgax/Oas3/Oas2/Isg15/Spon2/Isg20/Flt3/Il27/Ifitm6/Gbp4",18
"GO:0003018","BP","GO:0003018","vascular process in circulatory system","15/535","192/23239",4.11926428847408e-05,0.00123370483690055,0.000902775528272925,"Apoe/Mrvi1/Trpv4/Adora2a/Htr2b/P2ry1/Cd38/P2ry2/Mgll/Gucy1a1/Ptger3/Cftr/Pde3a/Gja5/Kdr",15
"GO:0014066","BP","GO:0014066","regulation of phosphatidylinositol 3-kinase signaling","10/535","90/23239",4.22615100566617e-05,0.00125060269425195,0.000915140699941879,"Adora3/Pdgfa/Cd28/Dab2ip/Rasgrp1/Pdgfc/Prr5l/Ptpn13/Ppp1r16b/Kdr",10
"GO:0032640","BP","GO:0032640","tumor necrosis factor production","13/535","149/23239",4.26580789295645e-05,0.00125060269425195,0.000915140699941879,"Cd36/Slamf1/Lbp/Rasgrp1/Tnfrsf8/Pf4/Gpnmb/Spon2/Flt3/Tlr1/Cyp2j6/Hmgb1/Syt11",13
"GO:1903555","BP","GO:1903555","regulation of tumor necrosis factor superfamily cytokine production","13/535","149/23239",4.26580789295645e-05,0.00125060269425195,0.000915140699941879,"Cd36/Slamf1/Lbp/Rasgrp1/Tnfrsf8/Pf4/Gpnmb/Spon2/Flt3/Tlr1/Cyp2j6/Hmgb1/Syt11",13
"GO:0033005","BP","GO:0033005","positive regulation of mast cell activation","6/535","29/23239",4.38094314554906e-05,0.00127537526677767,0.000933268271123958,"Adora3/Fcer1a/Gata2/Il4ra/Cftr/Nectin2",6
"GO:0043900","BP","GO:0043900","regulation of multi-organism process","23/535","392/23239",4.50461348537272e-05,0.00130227124580602,0.000952949665692153,"Hpn/Cd36/Apoe/Htra1/Lbp/Ada/Arg1/Il2ra/P2ry1/Lef1/Oasl2/Hpgds/Oas3/P2ry2/Isg15/Isg20/Pde3a/Il27/Nlrp10/Ifitm6/Nectin2/Syt11/Gbp4",23
"GO:0051607","BP","GO:0051607","defense response to virus","16/535","217/23239",4.65452706144258e-05,0.00133633076943348,0.000977873053779661,"Htra1/Cd40/Il6/Il2ra/Zbp1/Oasl2/Irf5/Itgax/Oas3/Oas2/Isg15/Spon2/Isg20/Il27/Ifitm6/Gbp4",16
"GO:0046632","BP","GO:0046632","alpha-beta T cell differentiation","11/535","111/23239",5.16149280641018e-05,0.001471732503636,0.00107695459133028,"Ly9/Slamf6/Ada/Il6/Il18r1/Lef1/Il4ra/Il2rg/Fut7/Il27/Txk",11
"GO:0006887","BP","GO:0006887","exocytosis","22/535","370/23239",5.39233226703224e-05,0.00152709382501056,0.00111746577735706,"Sept1/Adora3/Fcer1a/Exoc3l2/Gata2/Sdc4/Adora2a/Snca/Steap3/Rasgrp1/P2ry1/Sytl1/P2rx7/Lat/Il4ra/Syt8/P2ry2/Atp13a2/Dgki/Lat2/Cftr/Syt11",22
"GO:0070588","BP","GO:0070588","calcium ion transmembrane transport","18/535","268/23239",5.45658153173865e-05,0.00153484789977216,0.00112313989707337,"Cacna1e/Mcoln2/Trpv4/Micu1/Snca/Htr2b/Gpr35/Atp1b1/Gem/P2rx7/Cd19/Kcne3/Ptger3/P2ry6/Cxcr3/Tmem37/Cacnb2/Prnp",18
"GO:0030852","BP","GO:0030852","regulation of granulocyte differentiation","5/535","19/23239",5.64863017467583e-05,0.00157820452464265,0.00115486652953104,"Gfi1b/Zbtb46/Lef1/Tesc/C1qc",5
"GO:0032722","BP","GO:0032722","positive regulation of chemokine production","8/535","59/23239",5.91710324175051e-05,0.00162058557864522,0.00118587927850595,"Mcoln2/Trpv4/Lbp/Il6/Il1rl1/Il4ra/P2ry2/Hmgb1",8
"GO:0034121","BP","GO:0034121","regulation of toll-like receptor signaling pathway","8/535","59/23239",5.91710324175051e-05,0.00162058557864522,0.00118587927850595,"Cd36/Lbp/Dab2ip/Nlrp6/Tlr1/Rab7b/Hmgb1/Tlr5",8
"GO:0046850","BP","GO:0046850","regulation of bone remodeling","8/535","59/23239",5.91710324175051e-05,0.00162058557864522,0.00118587927850595,"Il6/Tnfrsf11a/Car2/Cd38/Spp1/P2rx7/S1pr1/Fcgr4",8
"GO:0046942","BP","GO:0046942","carboxylic acid transport","19/535","295/23239",6.01334269334706e-05,0.00163617945309829,0.00119729024799081,"Cd36/Apoe/Slc13a3/Slc6a8/Arg1/Adora2a/Snca/Slc16a14/Tnfrsf11a/Stra6l/P2rx7/Slco2b1/Slc38a5/Folr2/P2ry2/Slc32a1/Kmo/Abcb4/Fabp4",19
"GO:0015849","BP","GO:0015849","organic acid transport","19/535","296/23239",6.29138538068839e-05,0.001700716710377,0.0012445160144711,"Cd36/Apoe/Slc13a3/Slc6a8/Arg1/Adora2a/Snca/Slc16a14/Tnfrsf11a/Stra6l/P2rx7/Slco2b1/Slc38a5/Folr2/P2ry2/Slc32a1/Kmo/Abcb4/Fabp4",19
"GO:0002224","BP","GO:0002224","toll-like receptor signaling pathway","10/535","95/23239",6.738281065188e-05,0.0018097718757663,0.00132431819372863,"Cd36/Lbp/Dab2ip/Nlrp6/Tnip3/Tlr1/Rab7b/Tlr12/Hmgb1/Tlr5",10
"GO:0035296","BP","GO:0035296","regulation of tube diameter","13/535","156/23239",6.86615829746454e-05,0.00182062528613662,0.00133226028245809,"Apoe/Mrvi1/Adora2a/Htr2b/P2ry1/Cd38/P2ry2/Mgll/Gucy1a1/Ptger3/Cftr/Gja5/Kdr",13
"GO:0097746","BP","GO:0097746","regulation of blood vessel diameter","13/535","156/23239",6.86615829746454e-05,0.00182062528613662,0.00133226028245809,"Apoe/Mrvi1/Adora2a/Htr2b/P2ry1/Cd38/P2ry2/Mgll/Gucy1a1/Ptger3/Cftr/Gja5/Kdr",13
"GO:0006836","BP","GO:0006836","neurotransmitter transport","19/535","300/23239",7.52102773973011e-05,0.00198164800509471,0.00145009022510186,"Adora3/Aqp1/Fcer1a/Ada/Slc6a8/Adora2a/Snca/P2ry1/Slc44a1/P2rx7/Slc6a13/Syt8/Slc38a5/P2ry2/Brsk1/Slc32a1/Dgki/Kmo/Syt11",19
"GO:0001894","BP","GO:0001894","tissue homeostasis","16/535","228/23239",8.38028303669333e-05,0.00219415838250027,0.00160559676320361,"Gata2/Rcn3/Il6/Tnfrsf11a/Car2/Ctsk/Cd38/Spp1/P2rx7/Ush1c/Gata1/Flt3/S1pr1/Gpr55/Fcgr4/Kdr",16
"GO:0043367","BP","GO:0043367","CD4-positive, alpha-beta T cell differentiation","9/535","80/23239",9.2293529816942e-05,0.00238317570383809,0.00174391202875139,"Ly9/Slamf6/Il6/Il18r1/Lef1/Il4ra/Il2rg/Fut7/Il27",9
"GO:0042088","BP","GO:0042088","T-helper 1 type immune response","7/535","47/23239",9.33119480484286e-05,0.00238317570383809,0.00174391202875139,"Slamf1/Il1rl1/Il18r1/Lef1/Il4ra/Il27/Nlrp10",7
"GO:0043303","BP","GO:0043303","mast cell degranulation","7/535","47/23239",9.33119480484286e-05,0.00238317570383809,0.00174391202875139,"Adora3/Fcer1a/Gata2/Rasgrp1/Lat/Il4ra/Lat2",7
"GO:1905517","BP","GO:1905517","macrophage migration","7/535","47/23239",9.33119480484286e-05,0.00238317570383809,0.00174391202875139,"Mcoln2/Trpv4/Slamf1/Gpr35/C3ar1/Cmklr1/Slamf8",7
"GO:1903793","BP","GO:1903793","positive regulation of anion transport","8/535","63/23239",9.53576375061085e-05,0.00242057222523128,0.00177127729744979,"Apoe/Adora2a/Tnfrsf11a/P2rx7/P2ry2/Kmo/Cftr/Abcb4",8
"GO:0051090","BP","GO:0051090","regulation of DNA-binding transcription factor activity","22/535","385/23239",9.64245824366983e-05,0.00243282143444833,0.0017802407755777,"Adora3/Cd36/Id3/Cd40/Hnf4a/Il6/Il18r1/Tnfrsf11a/Traf5/Prkcq/Traf1/Dab2ip/Plpp3/Tnfrsf8/Csrp3/Heyl/Card11/Camk1d/Cmklr1/Rab7b/Nlrp12/Prnp",22
"GO:0034101","BP","GO:0034101","erythrocyte homeostasis","12/535","140/23239",9.89997176317616e-05,0.00248274593072906,0.00181677351189802,"Ampd3/Gata2/Epb42/Alas2/Gfi1b/Rhd/Gata1/Isg15/Bpgm/Sox6/Hbb-b1/Mafb",12
"GO:0014065","BP","GO:0014065","phosphatidylinositol 3-kinase signaling","11/535","120/23239",0.000105166316471341,0.00261213965444325,0.00191145862926755,"Adora3/Pdgfa/Cd28/Htr2b/Dab2ip/Rasgrp1/Pdgfc/Prr5l/Ptpn13/Ppp1r16b/Kdr",11
"GO:0001935","BP","GO:0001935","endothelial cell proliferation","12/535","141/23239",0.000105992252963574,0.00261213965444325,0.00191145862926755,"Apoe/Ccl24/Gata2/Arg1/Htr2b/Eng/Plxnb3/Atoh8/Ppp1r16b/Cxcr3/Kdr/Hmgb1",12
"GO:0002449","BP","GO:0002449","lymphocyte mediated immunity","23/535","415/23239",0.000106431865270048,0.00261213965444325,0.00191145862926755,"Fcer1a/Pou2f2/Slamf6/Slamf1/Cd40/Arg1/Il6/Cd28/Il18r1/Cd55/Rasgrp1/P2rx7/Klrk1/Klrd1/Il4ra/Dpp4/C1qa/C1qc/C1qb/Nectin2/Hmgb1/Klrb1b/Sh2d1b1",23
"GO:0002279","BP","GO:0002279","mast cell activation involved in immune response","7/535","48/23239",0.000107097575754416,0.00261213965444325,0.00191145862926755,"Adora3/Fcer1a/Gata2/Rasgrp1/Lat/Il4ra/Lat2",7
"GO:0051017","BP","GO:0051017","actin filament bundle assembly","13/535","163/23239",0.000107435964265901,0.00261213965444325,0.00191145862926755,"Rhoc/Eps8/Sdc4/Myo1b/Prkcq/Fscn1/Cald1/Add2/Ush1c/Arhgef10l/Fhdc1/S1pr1/Marcks",13
"GO:0015893","BP","GO:0015893","drug transport","15/535","209/23239",0.000107924098141782,0.00261213965444325,0.00191145862926755,"Aqp1/Slc13a3/Slc6a8/Arg1/Adora2a/Snca/Slc52a3/Car2/Stra6l/Syt8/Slc38a5/Folr2/Slc32a1/Hbb-b1/Syt11",15
"GO:0051899","BP","GO:0051899","membrane depolarization","9/535","82/23239",0.000111991827100415,0.00269492471802906,0.00197203740571099,"Adora2a/Fhl1/P2rx7/Gja5/Scn3a/Cacnb2/Kdr/Cnga1/Ank3",9
"GO:0048771","BP","GO:0048771","tissue remodeling","14/535","187/23239",0.000116386871726381,0.00278458935055703,0.00203765037372139,"Mertk/Il6/Tnfrsf11a/Car2/Ctsk/Cd38/Spp1/P2rx7/Gpnmb/Tph1/S1pr1/Gpr55/Gja5/Fcgr4",14
"GO:0001973","BP","GO:0001973","adenosine receptor signaling pathway","4/535","12/23239",0.000118697589745697,0.00280760264835987,0.00205449057849311,"Adora3/Ada/Adora2a/P2ry1",4
"GO:0035588","BP","GO:0035588","G protein-coupled purinergic receptor signaling pathway","4/535","12/23239",0.000118697589745697,0.00280760264835987,0.00205449057849311,"Adora3/Ada/Adora2a/P2ry1",4
"GO:0002761","BP","GO:0002761","regulation of myeloid leukocyte differentiation","11/535","122/23239",0.000122018869713071,0.00286985624076562,0.00210004525096418,"Gata2/Gfi1b/Car2/Zbtb46/Lef1/Tesc/Pf4/C1qc/Gpr55/Mafb/Cd101",11
"GO:0034103","BP","GO:0034103","regulation of tissue remodeling","9/535","83/23239",0.000123089657704155,0.00287877665742921,0.00210657285272517,"Il6/Tnfrsf11a/Car2/Cd38/Spp1/P2rx7/Gpnmb/S1pr1/Fcgr4",9
"GO:0061572","BP","GO:0061572","actin filament bundle organization","13/535","166/23239",0.000129120077565176,0.00300294347990966,0.00219743313421711,"Rhoc/Eps8/Sdc4/Myo1b/Prkcq/Fscn1/Cald1/Add2/Ush1c/Arhgef10l/Fhdc1/S1pr1/Marcks",13
"GO:0009611","BP","GO:0009611","response to wounding","25/535","479/23239",0.0001392710169889,0.0032210291318044,0.00235701943371858,"Vwf/Cd36/Apoe/Aqp1/Sulf2/Mertk/Sdc4/Hnf4a/Il6/Pdgfa/Prkcq/Eng/P2ry1/Pdpn/Pf4/Gp9/Siglecg/Gata1/Serpine1/Nlrp6/Ptger3/Mmrn1/Hmgb1/Syt11/Gp6",25
"GO:0010038","BP","GO:0010038","response to metal ion","17/535","264/23239",0.000145344896318564,0.00333008074202643,0.00243681901144784,"Cp/Aqp1/Rasa4/Slc30a4/Snca/Slc30a10/Cybrd1/Alad/Slc30a2/P2rx7/Syt8/Atp13a2/Pklr/Fabp4/Syt11/Ank3/Prnp",17
"GO:0050880","BP","GO:0050880","regulation of blood vessel size","13/535","168/23239",0.00014558604252914,0.00333008074202643,0.00243681901144784,"Apoe/Mrvi1/Adora2a/Htr2b/P2ry1/Cd38/P2ry2/Mgll/Gucy1a1/Ptger3/Cftr/Gja5/Kdr",13
"GO:0032637","BP","GO:0032637","interleukin-8 production","8/535","67/23239",0.000148194540841474,0.003371223352585,0.00246692551737259,"Lbp/Prg3/Serpine1/Il17f/Tlr1/Nlrp10/Chil1/Tlr5",8
"GO:0034765","BP","GO:0034765","regulation of ion transmembrane transport","24/535","453/23239",0.000150583305170393,0.00340694727948014,0.00249306684875925,"Cacna1e/Fhl1/Snca/Gpr35/Atp1b1/Gem/Ephb2/Tesc/P2rx7/Kel/Cd19/Kcne3/Ptger3/Kcnd3/Cftr/P2ry6/Cxcr3/Tmem37/Gja5/Scn3a/Cacnb2/Ank3/Prnp/Kcnip3",24
"GO:0035150","BP","GO:0035150","regulation of tube size","13/535","169/23239",0.00015447561313018,0.00347611879708616,0.00254368378036268,"Apoe/Mrvi1/Adora2a/Htr2b/P2ry1/Cd38/P2ry2/Mgll/Gucy1a1/Ptger3/Cftr/Gja5/Kdr",13
"GO:0097028","BP","GO:0097028","dendritic cell differentiation","6/535","36/23239",0.000156713388613044,0.00350653066871541,0.00256593796357951,"Tmem176a/Batf3/Zbtb46/Tmem176b/Gata1/Flt3",6
"GO:0045580","BP","GO:0045580","regulation of T cell differentiation","12/535","147/23239",0.000157511706713856,0.00350653066871541,0.00256593796357951,"Ada/Il6/Cd28/Il2ra/Rasgrp1/Il4ra/Il2rg/Card11/Il27/Rag1/Cyp26b1/Il1rl2",12
"GO:0032418","BP","GO:0032418","lysosome localization","8/535","68/23239",0.000164616324012722,0.00364520083438809,0.00266741120768654,"Adora3/Fcer1a/Gata2/Rasgrp1/Lat/Il4ra/Lat2/Map6",8
"GO:0001818","BP","GO:0001818","negative regulation of cytokine production","16/535","242/23239",0.000167329869089504,0.00368568383608258,0.0026970350384017,"Mertk/Slamf1/Lbp/Arg1/Il6/Il1rl1/Lef1/Gpnmb/Bank1/Cmklr1/Flt3/Syt11/Nlrp12/Prnp/Gbp4/Sh2d1b1",16
"GO:0070255","BP","GO:0070255","regulation of mucus secretion","4/535","13/23239",0.000168336303831233,0.00368833701499696,0.00269897652790907,"Adora3/Ada/P2ry2/Nlrp6",4
"GO:0001936","BP","GO:0001936","regulation of endothelial cell proliferation","11/535","127/23239",0.000174505727151511,0.00380349393786252,0.00278324372761904,"Apoe/Ccl24/Gata2/Arg1/Htr2b/Eng/Plxnb3/Atoh8/Ppp1r16b/Cxcr3/Kdr",11
"GO:0046578","BP","GO:0046578","regulation of Ras protein signal transduction","15/535","219/23239",0.000180781797480686,0.0039197636610005,0.00286832522976483,"Apoe/Rasa4/Vav2/Eps8/Gpr35/Ralgps2/Dab2ip/Rasgrp1/Ephb2/Dgki/Plekhg5/Arhgef10l/Gpr55/P2ry10/Gpr174",15
"GO:0002695","BP","GO:0002695","negative regulation of leukocyte activation","13/535","172/23239",0.000184001305180906,0.00396889861900575,0.00290428021376352,"Mertk/Sdc4/Arg1/Adora2a/Il2ra/Gpnmb/Il4ra/Bank1/Zc3h12d/Flt3/Lax1/Tarm1/Prnp",13
"GO:0002758","BP","GO:0002758","innate immune response-activating signal transduction","11/535","128/23239",0.000187026944779168,0.00401336686142101,0.00293682028318454,"Cd36/Lbp/Dab2ip/Klrk1/Nlrp6/Tnip3/Tlr1/Rab7b/Tlr12/Hmgb1/Tlr5",11
"GO:0050678","BP","GO:0050678","regulation of epithelial cell proliferation","20/535","349/23239",0.000190407016565574,0.0040649456921153,0.00297456359482197,"Hpn/Apoe/Ccl24/Htra1/Sulf2/Gata2/Arg1/Il6/Htr2b/Eng/Dab2ip/Tgfa/Plxnb3/Stox1/Atoh8/Ppp1r16b/Cxcr3/Gpc3/Kdr/Ccnd1",20
"GO:0032760","BP","GO:0032760","positive regulation of tumor necrosis factor production","9/535","88/23239",0.000193334039252253,0.00410637553779148,0.00300488028784114,"Cd36/Lbp/Rasgrp1/Tnfrsf8/Pf4/Spon2/Tlr1/Cyp2j6/Hmgb1",9
"GO:0006816","BP","GO:0006816","calcium ion transport","22/535","405/23239",0.000198245372107585,0.00418931717809075,0.00306557364081941,"Cacna1e/Mcoln2/Trpv4/Micu1/Adora2a/Snca/Htr2b/Gpr35/Atp1b1/Gem/Cachd1/P2rx7/Cd19/Kcne3/Serpine1/Hrc/Ptger3/P2ry6/Cxcr3/Tmem37/Cacnb2/Prnp",22
"GO:0030218","BP","GO:0030218","erythrocyte differentiation","11/535","129/23239",0.000200301327675253,0.00421138599551555,0.0030817227128771,"Gata2/Epb42/Alas2/Gfi1b/Rhd/Gata1/Isg15/Bpgm/Sox6/Hbb-b1/Mafb",11
"GO:1903557","BP","GO:1903557","positive regulation of tumor necrosis factor superfamily cytokine production","9/535","89/23239",0.00021077044827487,0.00440923304607178,0.00322649921876474,"Cd36/Lbp/Rasgrp1/Tnfrsf8/Pf4/Spon2/Tlr1/Cyp2j6/Hmgb1",9
"GO:0010959","BP","GO:0010959","regulation of metal ion transport","22/535","407/23239",0.000212383013564687,0.00441782766742261,0.003232788416633,"Adora2a/Fhl1/Snca/Gpr35/Atp1b1/Slc30a10/Gem/Tesc/P2rx7/Kel/Dmpk/Cd19/Kcne3/Serpine1/Hrc/Ptger3/P2ry6/Cxcr3/Cacnb2/Ank3/Prnp/Kcnip3",22
"GO:0048821","BP","GO:0048821","erythrocyte development","6/535","38/23239",0.000213634818985604,0.00441782766742261,0.003232788416633,"Epb42/Rhd/Gata1/Bpgm/Sox6/Hbb-b1",6
"GO:0055076","BP","GO:0055076","transition metal ion homeostasis","11/535","130/23239",0.000214364926451926,0.00441782766742261,0.003232788416633,"Cp/Slc30a4/Steap4/Epb42/Alas2/Steap3/Rhd/Slc30a2/Atp13a2/Slc39a12/Prnp",11
"GO:0032964","BP","GO:0032964","collagen biosynthetic process","7/535","54/23239",0.000228729732573655,0.00469064963893659,0.00343242855104049,"Rcn3/Arg1/Il6/Eng/Serpine1/Adamts3/Cyp2j6",7
"GO:0002688","BP","GO:0002688","regulation of leukocyte chemotaxis","10/535","110/23239",0.00023013068195309,0.00469624524005252,0.00343652318664728,"Trpv4/Slamf1/Lbp/Padi2/Klrk1/Serpine1/Camk1d/C3ar1/Cmklr1/Slamf8",10
"GO:0007162","BP","GO:0007162","negative regulation of cell adhesion","17/535","276/23239",0.000246138106449281,0.0049984045714554,0.00365763121984194,"Trpv4/Sdc4/Arg1/Adora2a/Il2ra/Lef1/Plxna4/Gpnmb/Plxna1/Il4ra/Plxnb3/Serpine1/Zc3h12d/Ptger3/Lax1/Tarm1/Prnp",17
"GO:0045619","BP","GO:0045619","regulation of lymphocyte differentiation","13/535","178/23239",0.000257809629575587,0.005210007222928,0.00381247352065278,"Ada/Il6/Cd28/Il2ra/Rasgrp1/Il4ra/Il2rg/Card11/Flt3/Il27/Rag1/Cyp26b1/Il1rl2",13
"GO:0060249","BP","GO:0060249","anatomical structure homeostasis","21/535","386/23239",0.000269304519216112,0.00541601310867958,0.0039632203336457,"Gata2/Rcn3/Pkib/Il6/Tnfrsf11a/Prkcq/Car2/P2ry1/Lmna/Ctsk/Cd38/Spp1/P2rx7/Ush1c/Gata1/P2ry2/Flt3/S1pr1/Gpr55/Fcgr4/Kdr",21
"GO:0006936","BP","GO:0006936","muscle contraction","17/535","280/23239",0.000291140165304755,0.00582700244309468,0.00426396578133583,"Mrvi1/Sulf2/Ada/Htr2b/Atp1b1/P2rx3/Tmod1/Cd38/Cald1/Dmpk/Csrp3/Tnni2/Gucy1a1/Kcne3/Ptger3/Gja5/Cacnb2",17
"GO:0022408","BP","GO:0022408","negative regulation of cell-cell adhesion","13/535","181/23239",0.000303349620024254,0.00604231802947833,0.00442152505842454,"Trpv4/Sdc4/Arg1/Adora2a/Il2ra/Lef1/Gpnmb/Il4ra/Zc3h12d/Ptger3/Lax1/Tarm1/Prnp",13
"GO:0070254","BP","GO:0070254","mucus secretion","4/535","15/23239",0.000309808336951545,0.00614158146061563,0.00449416204079083,"Adora3/Ada/P2ry2/Nlrp6",4
"GO:0050921","BP","GO:0050921","positive regulation of chemotaxis","11/535","136/23239",0.000317496597450748,0.00626416272600694,0.00458386207544258,"Trpv4/Slamf1/Lbp/Serpine1/Camk1d/C3ar1/Cmklr1/S1pr1/Cxcr3/Kdr/Hmgb1",11
"GO:0006953","BP","GO:0006953","acute-phase response","6/535","41/23239",0.000328235772230449,0.00641523718213783,0.00469441227988594,"Cd163/Lbp/Il6/Tnfrsf11a/Ptger3/Saa3",6
"GO:0048246","BP","GO:0048246","macrophage chemotaxis","6/535","41/23239",0.000328235772230449,0.00641523718213783,0.00469441227988594,"Trpv4/Slamf1/Gpr35/C3ar1/Cmklr1/Slamf8",6
"GO:0050868","BP","GO:0050868","negative regulation of T cell activation","10/535","116/23239",0.000354163568440302,0.00688963988512607,0.00504156107755157,"Sdc4/Arg1/Adora2a/Il2ra/Gpnmb/Il4ra/Zc3h12d/Lax1/Tarm1/Prnp",10
"GO:0032729","BP","GO:0032729","positive regulation of interferon-gamma production","8/535","76/23239",0.000357693918534578,0.00692595247841605,0.00506813317130511,"Slamf6/Slamf1/Il18r1/Rasgrp1/Klrk1/Flt3/Il27/Txk",8
"GO:0002687","BP","GO:0002687","positive regulation of leukocyte migration","11/535","138/23239",0.000360027223772004,0.00693885802112432,0.00507757692785663,"Adora3/Ccl24/Trpv4/Slamf1/Lbp/Serpine1/Camk1d/Ptger3/C3ar1/Tnfrsf18/Cmklr1",11
"GO:0002444","BP","GO:0002444","myeloid leukocyte mediated immunity","9/535","96/23239",0.00037313286446877,0.0071583046764216,0.00523815915485142,"Adora3/Fcer1a/Gata2/Arg1/Rasgrp1/Lat/Il4ra/Spon2/Lat2",9
"GO:2001236","BP","GO:2001236","regulation of extrinsic apoptotic signaling pathway","12/535","162/23239",0.00038737965014788,0.00739752974112672,0.00541321442553339,"Eya4/Eya2/Atf3/Traf1/Itga6/Siglec1/Lmna/Pf4/Gata1/Serpine1/Tnfrsf23/Tnfsf10",12
"GO:0002260","BP","GO:0002260","lymphocyte homeostasis","8/535","77/23239",0.000391254084886331,0.00743740070950591,0.00544239039491007,"Ada/Spta1/Il2ra/P2rx7/Lat/Chst3/Rag1/Gpr174",8
"GO:0032963","BP","GO:0032963","collagen metabolic process","9/535","97/23239",0.000403061287355026,0.00759250741746142,0.00555589123889233,"Rcn3/Arg1/Il6/Eng/Ctsk/P2rx7/Serpine1/Adamts3/Cyp2j6",9
"GO:0042102","BP","GO:0042102","positive regulation of T cell proliferation","9/535","97/23239",0.000403061287355026,0.00759250741746142,0.00555589123889233,"Slamf1/Il6/Cd28/Spta1/Il2ra/Prkcq/Itgal/Efnb1/Card11",9
"GO:1990266","BP","GO:1990266","neutrophil migration","10/535","118/23239",0.000406216798133984,0.00761747986771069,0.00557416507254504,"Ccl24/Mcoln2/Lbp/Spp1/Ppbp/Pf4/Camk1d/Ptger3/C3ar1/Slamf8",10
"GO:1902903","BP","GO:1902903","regulation of supramolecular fiber organization","19/535","343/23239",0.00041657381816401,0.00776341016537263,0.0056809509889347,"Rhoc/Apoe/Ccl24/Trpv4/Eps8/Sdc4/Snca/Spta1/Prkcq/Spef1/Tmod1/Add2/Fchsd2/Mid1/Slc39a12/Arhgef10l/S1pr1/Gm14137/Cdc42ep5",19
"GO:0042113","BP","GO:0042113","B cell activation","21/535","399/23239",0.000417728531598239,0.00776341016537263,0.0056809509889347,"Cd79a/Pou2f2/Cd40/Ada/Il6/Cd28/Nfatc2/Lef1/Cdh17/Cd38/Siglecg/Cd22/Il2rg/Card11/Bank1/Lat2/Flt3/Lax1/Fcrl1/Rag1/Gimap1",21
"GO:0071674","BP","GO:0071674","mononuclear cell migration","8/535","78/23239",0.000427330321908573,0.00790656057824617,0.00578570269755981,"Ccl24/Trpv4/Slamf1/Ptpro/Serpine1/C3ar1/Cmklr1/Slamf8",8
"GO:0002700","BP","GO:0002700","regulation of production of molecular mediator of immune response","11/535","141/23239",0.000432735711585227,0.00793602981202335,0.00580726709634893,"Cd36/Slamf1/Cd40/Arg1/Il6/Cd28/Il18r1/Siglecg/Cd22/Il4ra/Spon2",11
"GO:0019233","BP","GO:0019233","sensory perception of pain","11/535","141/23239",0.000432735711585227,0.00793602981202335,0.00580726709634893,"Cacna1e/Aqp1/P2rx3/Fabp5/P2ry1/P2rx7/P2ry2/Mgll/Scn3a/Fcgr4/Kcnip3",11
"GO:0045860","BP","GO:0045860","positive regulation of protein kinase activity","22/535","430/23239",0.000451234776883809,0.00823899287792674,0.00602896327009115,"Fcer1a/Sdc4/Cd40/Hnf4a/Pdgfa/Snca/Htr2b/Tnfrsf11a/Dab2ip/Rasgrp1/Tnik/Pdgfc/Map3k6/P2rx7/Tgfa/Lat/Stox1/Tlr1/Chil1/Ccnd1/Pak6/Prnp",22
"GO:0001933","BP","GO:0001933","negative regulation of protein phosphorylation","21/535","402/23239",0.000460712793717798,0.00837531598361219,0.00612871903019677,"Apoe/Hnf4a/Pkib/Adora2a/Il6/Snca/Atf3/Eng/Dab2ip/Plpp3/Ephb2/P2rx7/Prr5l/Pmepa1/Nlrp6/Lax1/Fabp4/Nlrp12/Prnp/Gbp4/Sh2d1b1",21
"GO:1902106","BP","GO:1902106","negative regulation of leukocyte differentiation","9/535","99/23239",0.000468860278979974,0.00848637104953753,0.00620998465614666,"Gata2/Tmem176a/Zbtb46/Tmem176b/Il4ra/C1qc/Flt3/Gpr55/Mafb",9
"GO:0034767","BP","GO:0034767","positive regulation of ion transmembrane transport","12/535","166/23239",0.000482947536683284,0.00870350907018403,0.00636887751725415,"Snca/Atp1b1/Ephb2/Tesc/P2rx7/Cd19/Kcne3/Cftr/P2ry6/Cxcr3/Cacnb2/Ank3",12
"GO:0032757","BP","GO:0032757","positive regulation of interleukin-8 production","6/535","44/23239",0.000486148185754783,0.00872342628145328,0.00638345213055509,"Lbp/Prg3/Serpine1/Tlr1/Nlrp10/Tlr5",6
"GO:0032677","BP","GO:0032677","regulation of interleukin-8 production","7/535","61/23239",0.000490641496265689,0.00876626845044663,0.00641480230491486,"Lbp/Prg3/Serpine1/Il17f/Tlr1/Nlrp10/Tlr5",7
"GO:0048015","BP","GO:0048015","phosphatidylinositol-mediated signaling","11/535","144/23239",0.000517363711965792,0.00918640346542388,0.00672224019341738,"Adora3/Pdgfa/Cd28/Htr2b/Dab2ip/Rasgrp1/Pdgfc/Prr5l/Ptpn13/Ppp1r16b/Kdr",11
"GO:0002523","BP","GO:0002523","leukocyte migration involved in inflammatory response","4/535","17/23239",0.000520776175315887,0.00918640346542388,0.00672224019341738,"Slamf1/Lbp/Ppbp/Slamf8",4
"GO:1905153","BP","GO:1905153","regulation of membrane invagination","4/535","17/23239",0.000520776175315887,0.00918640346542388,0.00672224019341738,"Cd36/Gata2/Lbp/Syt11",4
"GO:0032970","BP","GO:0032970","regulation of actin filament-based process","20/535","378/23239",0.00053187366715961,0.00934257416196396,0.00683651962140756,"Rhoc/Ccl24/Eps8/Sdc4/Spta1/Prkcq/Neb/Tmod1/Pdpn/Fscn1/Add2/Csrp3/Fchsd2/Kcne3/Ptger3/Arhgef10l/S1pr1/Gm14137/Gja5/Cdc42ep5",20
"GO:0034764","BP","GO:0034764","positive regulation of transmembrane transport","14/535","217/23239",0.00053679254171347,0.00938935861829065,0.00687075460291367,"Snca/Atp1b1/Car2/Ephb2/Tesc/P2rx7/Cd19/Kcne3/Cftr/P2ry6/Cxcr3/Gpc3/Cacnb2/Ank3",14
"GO:0042093","BP","GO:0042093","T-helper cell differentiation","7/535","62/23239",0.000542276367116065,0.00940623548460075,0.00688310441418374,"Ly9/Slamf6/Il6/Il18r1/Lef1/Il4ra/Il27",7
"GO:0070098","BP","GO:0070098","chemokine-mediated signaling pathway","7/535","62/23239",0.000542276367116065,0.00940623548460075,0.00688310441418374,"Ccl24/Mpl/Gpr35/Padi2/Ppbp/Pf4/Ackr1",7
"GO:0002708","BP","GO:0002708","positive regulation of lymphocyte mediated immunity","11/535","145/23239",0.000548475054364513,0.00946415693362463,0.00692548899854854,"Fcer1a/Slamf6/Cd40/Il6/Cd28/Il18r1/Rasgrp1/P2rx7/Klrk1/Nectin2/Sh2d1b1",11
"GO:0031952","BP","GO:0031952","regulation of protein autophosphorylation","6/535","45/23239",0.000550162377597204,0.00946415693362463,0.00692548899854854,"Pdgfa/Eng/Pdgfc/Gpnmb/Tnks1bp1/Nlrp12",6
"GO:0002825","BP","GO:0002825","regulation of T-helper 1 type immune response","5/535","30/23239",0.000561733603826282,0.00955732130281329,0.00699366293294098,"Il1rl1/Il18r1/Il4ra/Il27/Nlrp10",5
"GO:0010758","BP","GO:0010758","regulation of macrophage chemotaxis","5/535","30/23239",0.000561733603826282,0.00955732130281329,0.00699366293294098,"Trpv4/Slamf1/C3ar1/Cmklr1/Slamf8",5
"GO:0051092","BP","GO:0051092","positive regulation of NF-kappaB transcription factor activity","10/535","123/23239",0.000564761239608952,0.00955732130281329,0.00699366293294098,"Cd36/Cd40/Il18r1/Tnfrsf11a/Traf5/Prkcq/Traf1/Tnfrsf8/Card11/Rab7b",10
"GO:0071621","BP","GO:0071621","granulocyte chemotaxis","10/535","123/23239",0.000564761239608952,0.00955732130281329,0.00699366293294098,"Ccl24/Trpv4/Slamf1/Lbp/Spp1/Ppbp/Pf4/Camk1d/C3ar1/Cmklr1",10
"GO:0033674","BP","GO:0033674","positive regulation of kinase activity","23/535","467/23239",0.000572369398543567,0.00964685751472417,0.00705918192791427,"Fcer1a/Vav2/Sdc4/Cd40/Hnf4a/Pdgfa/Snca/Htr2b/Tnfrsf11a/Dab2ip/Rasgrp1/Tnik/Pdgfc/Map3k6/P2rx7/Tgfa/Lat/Stox1/Tlr1/Chil1/Ccnd1/Pak6/Prnp",23
"GO:0002218","BP","GO:0002218","activation of innate immune response","11/535","146/23239",0.000581132738323205,0.00975506286144961,0.00713836224408894,"Cd36/Lbp/Dab2ip/Klrk1/Nlrp6/Tnip3/Tlr1/Rab7b/Tlr12/Hmgb1/Tlr5",11
"GO:0046634","BP","GO:0046634","regulation of alpha-beta T cell activation","9/535","102/23239",0.000583894963454447,0.00976206720024443,0.00714348773721061,"Ada/Adora2a/Il6/Cd28/Prkcq/Il4ra/Il2rg/Il27/Tarm1",9
"GO:0002294","BP","GO:0002294","CD4-positive, alpha-beta T cell differentiation involved in immune response","7/535","63/23239",0.000598141208317311,0.00996024740089986,0.00728850802892757,"Ly9/Slamf6/Il6/Il18r1/Lef1/Il4ra/Il27",7
"GO:0043235","CC","GO:0043235","receptor complex","25/536","396/23416",5.54935853294865e-06,0.00231963186677254,0.00182836760085571,"Cd36/Cd79a/Il5ra/Mertk/Eps8/Rxra/Cd40/Il6/Traf5/Eng/P2rx3/Itga6/Ephb2/Abcg3/Plxna4/Plxna1/Klrd1/Il4ra/Itgax/Itgal/Il2rg/Plxnb3/Flt3/Tlr1/Kdr",25
"GO:0035586","MF","GO:0035586","purinergic receptor activity","10/537","25/22744",1.17786493821656e-10,8.19793996998723e-08,6.7324280152799e-08,"Adora3/Adora2a/P2rx3/P2ry1/P2rx7/P2ry2/P2ry14/Gpr34/P2ry6/P2ry10",10
"GO:0001614","MF","GO:0001614","purinergic nucleotide receptor activity","8/537","20/22744",8.99775037729915e-09,2.0874780875334e-06,1.71430822978015e-06,"P2rx3/P2ry1/P2rx7/P2ry2/P2ry14/Gpr34/P2ry6/P2ry10",8
"GO:0016502","MF","GO:0016502","nucleotide receptor activity","8/537","20/22744",8.99775037729915e-09,2.0874780875334e-06,1.71430822978015e-06,"P2rx3/P2ry1/P2rx7/P2ry2/P2ry14/Gpr34/P2ry6/P2ry10",8
"GO:0001608","MF","GO:0001608","G protein-coupled nucleotide receptor activity","6/537","12/22744",1.37972900815233e-07,1.92058277934804e-05,1.57724810826676e-05,"P2ry1/P2ry2/P2ry14/Gpr34/P2ry6/P2ry10",6
"GO:0045028","MF","GO:0045028","G protein-coupled purinergic nucleotide receptor activity","6/537","12/22744",1.37972900815233e-07,1.92058277934804e-05,1.57724810826676e-05,"P2ry1/P2ry2/P2ry14/Gpr34/P2ry6/P2ry10",6
"GO:0004896","MF","GO:0004896","cytokine receptor activity","12/537","89/22744",1.20877062398646e-06,0.00014021739238243,0.000115151306811342,"Il5ra/Mpl/Il1rl1/Il18r1/Gpr35/Il2ra/Il21r/Il4ra/Il2rg/Flt3/Cxcr3/Il1rl2",12
"GO:0035591","MF","GO:0035591","signaling adaptor activity","8/537","51/22744",2.3895418400759e-05,0.00237588731527546,0.00195115972806197,"Eps8/Cd28/Dab2ip/Sla2/Sh2d2a/Lat/Ksr2/Sh2d1b1",8
"GO:0019955","MF","GO:0019955","cytokine binding","12/537","128/22744",5.26016626326571e-05,0.00457634464904116,0.00375825036967537,"Cd36/Il5ra/Il1rl1/Il18r1/Tnfrsf11a/Il2ra/Eng/Pdpn/Il2rg/Ackr1/Il17f/Cxcr3",12
"GO:0019865","MF","GO:0019865","immunoglobulin binding","5/537","19/22744",6.36553484927983e-05,0.00492268028344307,0.00404267300954263,"Vwf/Fcgrt/Fcer1a/Ambp/Fcgr4",5
"GO:0043177","MF","GO:0043177","organic acid binding","16/537","222/22744",8.19112817948565e-05,0.00570102521292201,0.00468187642259022,"Cd36/Id3/Rxra/Hnf4a/Alas2/Snca/Hdc/Fabp5/Cd22/Lyve1/Folr2/Siglecf/Hbb-b1/Fabp4/Cyp26b1/Hbb-bt",16
"GO:0022836","MF","GO:0022836","gated channel activity","20/537","324/22744",9.82226510956619e-05,0.00621481501478006,0.00510381813827219,"Hpn/Cacna1e/Clcn5/Aqp1/Mcoln2/Trpv4/P2rx3/Cachd1/P2rx7/Kcne3/Mcoln3/Kcnd3/Cftr/Tmc7/Tmem37/Clca3a1/Scn3a/Cacnb2/Cnga1/Kcnip3",20
"GO:0001883","MF","GO:0001883","purine nucleoside binding","21/537","357/22744",0.000130447954422758,0.00680381940504314,0.00558752864025775,"Sept1/Rhoc/Tubb1/Ada/Gucy1b1/Gem/Rragd/Rab19/Tuba8/Gucy1a1/Rhov/Gnaz/Gimap6/Rasl11b/Sept6/Rab7b/Gimap4/Agap1/Rras2/Irgc1/Gimap1",21
"GO:0001078","MF","GO:0001078","proximal promoter DNA-binding transcription repressor activity, RNA polymerase II-specific","14/537","186/22744",0.000142766433497448,0.00680381940504314,0.00558752864025775,"E2f2/Ifi211/Atf3/Batf3/Nacc2/Nfatc2/Bhlhe41/Heyl/St18/Ifi203/Sox6/Ifi204/Ifi207/Kcnip3",14
"GO:0003779","MF","GO:0003779","actin binding","23/537","414/22744",0.000148224471280107,0.00680381940504314,0.00558752864025775,"Trpv4/Eps8/Myo1b/Lsp1/Enah/Snca/Spta1/Neb/Epb41l1/Tmod1/Fscn1/Cald1/Add2/Csrp3/Ush1c/Tnni2/Mical2/Hip1/Fhdc1/Nebl/Tns1/Cacnb2/Marcks",23
"GO:0005326","MF","GO:0005326","neurotransmitter transporter activity","7/537","50/22744",0.000163038812954343,0.00680381940504314,0.00558752864025775,"Aqp1/Slc13a3/Slc6a8/Slc44a1/Slc6a13/Slc38a5/Slc32a1",7
"GO:0046873","MF","GO:0046873","metal ion transmembrane transporter activity","23/537","421/22744",0.000189133083681862,0.00680381940504314,0.00558752864025775,"Hpn/Cacna1e/Aqp1/Slc30a4/Mcoln2/Trpv4/Slc13a3/Slc6a8/Atp1b1/Cachd1/Slc30a2/Slc6a13/Kcne3/Mcoln3/Slc39a12/Slc9a7/Kcnd3/Tmem37/Scn3a/Cacnb2/Nipal1/Kcnip3/Gm14085",23
"GO:0033293","MF","GO:0033293","monocarboxylic acid binding","8/537","68/22744",0.000195339511703427,0.00680381940504314,0.00558752864025775,"Cd36/Id3/Rxra/Hnf4a/Snca/Fabp5/Fabp4/Cyp26b1",8
"GO:0022839","MF","GO:0022839","ion gated channel activity","19/537","315/22744",0.000195901177040596,0.00680381940504314,0.00558752864025775,"Hpn/Cacna1e/Clcn5/Aqp1/Mcoln2/Trpv4/P2rx3/Cachd1/P2rx7/Kcne3/Mcoln3/Kcnd3/Cftr/Tmem37/Clca3a1/Scn3a/Cacnb2/Cnga1/Kcnip3",19
"GO:0001882","MF","GO:0001882","nucleoside binding","21/537","368/22744",0.000197855762573887,0.00680381940504314,0.00558752864025775,"Sept1/Rhoc/Tubb1/Ada/Gucy1b1/Gem/Rragd/Rab19/Tuba8/Gucy1a1/Rhov/Gnaz/Gimap6/Rasl11b/Sept6/Rab7b/Gimap4/Agap1/Rras2/Irgc1/Gimap1",21
"GO:0019001","MF","GO:0019001","guanyl nucleotide binding","21/537","369/22744",0.000205287654462509,0.00680381940504314,0.00558752864025775,"Sept1/Rhoc/Tubb1/Gucy1b1/Gem/Rragd/Rab19/Tuba8/Gucy1a1/Rhov/Gnaz/Gimap6/Rasl11b/Sept6/Rab7b/Gimap4/Agap1/Rras2/Irgc1/Cnga1/Gimap1",21
"GO:0032561","MF","GO:0032561","guanyl ribonucleotide binding","21/537","369/22744",0.000205287654462509,0.00680381940504314,0.00558752864025775,"Sept1/Rhoc/Tubb1/Gucy1b1/Gem/Rragd/Rab19/Tuba8/Gucy1a1/Rhov/Gnaz/Gimap6/Rasl11b/Sept6/Rab7b/Gimap4/Agap1/Rras2/Irgc1/Cnga1/Gimap1",21
"GO:0005525","MF","GO:0005525","GTP binding","20/537","347/22744",0.000244762254693488,0.00751752629837686,0.00617364909258717,"Sept1/Rhoc/Tubb1/Gucy1b1/Gem/Rragd/Rab19/Tuba8/Gucy1a1/Rhov/Gnaz/Gimap6/Rasl11b/Sept6/Rab7b/Gimap4/Agap1/Rras2/Irgc1/Gimap1",20
"GO:0060090","MF","GO:0060090","molecular adaptor activity","13/537","173/22744",0.000248424001239465,0.00751752629837686,0.00617364909258717,"Ap2a2/Eps8/Cd28/Dab2ip/Sla2/Sh2d2a/Fscn1/Col1a2/Lat/Hip1/Ksr2/Ank3/Sh2d1b1",13
"GO:0032550","MF","GO:0032550","purine ribonucleoside binding","20/537","353/22744",0.000305747045430829,0.00886666431749405,0.00728160726618159,"Sept1/Rhoc/Tubb1/Gucy1b1/Gem/Rragd/Rab19/Tuba8/Gucy1a1/Rhov/Gnaz/Gimap6/Rasl11b/Sept6/Rab7b/Gimap4/Agap1/Rras2/Irgc1/Gimap1",20
